species,grade,date,price_per_stem
Rose,A,2026-08-09,0.56
Rose,A,2026-08-10,0.54
Rose,A,2026-08-11,0.53
Rose,A,2026-08-12,0.51
Rose,A,2026-08-13,0.52
Rose,A,2026-08-14,0.53
Rose,A,2026-08-15,0.55
Rose,A,2026-08-16,0.53
Rose,A,2026-08-17,0.53
Rose,A,2026-08-18,0.51
Rose,A,2026-08-19,0.49
Rose,A,2026-08-20,0.5
Rose,A,2026-08-21,0.48
Rose,A,2026-08-22,0.46
Rose,A,2026-08-23,0.47
Rose,A,2026-08-24,0.47
Rose,A,2026-08-25,0.46
Rose,A,2026-08-26,0.46
Rose,A,2026-08-27,0.48
Rose,A,2026-08-28,0.46
Rose,A,2026-08-29,0.47
Rose,A,2026-08-30,0.48
Rose,A,2026-08-31,0.47
Rose,A,2026-09-01,0.46
Rose,A,2026-09-02,0.47
Rose,A,2026-09-03,0.47
Rose,A,2026-09-04,0.45
Rose,A,2026-09-05,0.44
Rose,A,2026-09-06,0.45
Rose,A,2026-09-07,0.45
Rose,A,2026-09-08,0.46
Rose,B,2026-08-09,0.42
Rose,B,2026-08-10,0.42
Rose,B,2026-08-11,0.44
Rose,B,2026-08-12,0.43
Rose,B,2026-08-13,0.43
Rose,B,2026-08-14,0.45
Rose,B,2026-08-15,0.45
Rose,B,2026-08-16,0.46
Rose,B,2026-08-17,0.47
Rose,B,2026-08-18,0.47
Rose,B,2026-08-19,0.46
Rose,B,2026-08-20,0.45
Rose,B,2026-08-21,0.44
Rose,B,2026-08-22,0.42
Rose,B,2026-08-23,0.42
Rose,B,2026-08-24,0.4
Rose,B,2026-08-25,0.4
Rose,B,2026-08-26,0.4
Rose,B,2026-08-27,0.4
Rose,B,2026-08-28,0.39
Rose,B,2026-08-29,0.38
Rose,B,2026-08-30,0.37
Rose,B,2026-08-31,0.39
Rose,B,2026-09-01,0.39
Rose,B,2026-09-02,0.4
Rose,B,2026-09-03,0.39
Rose,B,2026-09-04,0.39
Rose,B,2026-09-05,0.38
Rose,B,2026-09-06,0.38
Rose,B,2026-09-07,0.39
Rose,B,2026-09-08,0.4
Rose,C,2026-08-09,0.28
Rose,C,2026-08-10,0.28
Rose,C,2026-08-11,0.29
Rose,C,2026-08-12,0.29
Rose,C,2026-08-13,0.29
Rose,C,2026-08-14,0.28
Rose,C,2026-08-15,0.27
Rose,C,2026-08-16,0.27
Rose,C,2026-08-17,0.26
Rose,C,2026-08-18,0.27
Rose,C,2026-08-19,0.28
Rose,C,2026-08-20,0.28
Rose,C,2026-08-21,0.28
Rose,C,2026-08-22,0.28
Rose,C,2026-08-23,0.29
Rose,C,2026-08-24,0.28
Rose,C,2026-08-25,0.28
Rose,C,2026-08-26,0.27
Rose,C,2026-08-27,0.27
Rose,C,2026-08-28,0.27
Rose,C,2026-08-29,0.27
Rose,C,2026-08-30,0.28
Rose,C,2026-08-31,0.28
Rose,C,2026-09-01,0.27
Rose,C,2026-09-02,0.28
Rose,C,2026-09-03,0.28
Rose,C,2026-09-04,0.27
Rose,C,2026-09-05,0.26
Rose,C,2026-09-06,0.26
Rose,C,2026-09-07,0.26
Rose,C,2026-09-08,0.26
Tulip,A,2026-08-09,0.35
Tulip,A,2026-08-10,0.34
Tulip,A,2026-08-11,0.33
Tulip,A,2026-08-12,0.35
Tulip,A,2026-08-13,0.35
Tulip,A,2026-08-14,0.36
Tulip,A,2026-08-15,0.37
Tulip,A,2026-08-16,0.36
Tulip,A,2026-08-17,0.36
Tulip,A,2026-08-18,0.37
Tulip,A,2026-08-19,0.37
Tulip,A,2026-08-20,0.36
Tulip,A,2026-08-21,0.37
Tulip,A,2026-08-22,0.35
Tulip,A,2026-08-23,0.35
Tulip,A,2026-08-24,0.35
Tulip,A,2026-08-25,0.36
Tulip,A,2026-08-26,0.37
Tulip,A,2026-08-27,0.37
Tulip,A,2026-08-28,0.37
Tulip,A,2026-08-29,0.36
Tulip,A,2026-08-30,0.37
Tulip,A,2026-08-31,0.38
Tulip,A,2026-09-01,0.37
Tulip,A,2026-09-02,0.38
Tulip,A,2026-09-03,0.38
Tulip,A,2026-09-04,0.37
Tulip,A,2026-09-05,0.38
Tulip,A,2026-09-06,0.38
Tulip,A,2026-09-07,0.39
Tulip,A,2026-09-08,0.39
Tulip,B,2026-08-09,0.25
Tulip,B,2026-08-10,0.25
Tulip,B,2026-08-11,0.24
Tulip,B,2026-08-12,0.25
Tulip,B,2026-08-13,0.25
Tulip,B,2026-08-14,0.26
Tulip,B,2026-08-15,0.26
Tulip,B,2026-08-16,0.25
Tulip,B,2026-08-17,0.26
Tulip,B,2026-08-18,0.26
Tulip,B,2026-08-19,0.26
Tulip,B,2026-08-20,0.26
Tulip,B,2026-08-21,0.25
Tulip,B,2026-08-22,0.25
Tulip,B,2026-08-23,0.26
Tulip,B,2026-08-24,0.25
Tulip,B,2026-08-25,0.25
Tulip,B,2026-08-26,0.25
Tulip,B,2026-08-27,0.25
Tulip,B,2026-08-28,0.25
Tulip,B,2026-08-29,0.25
Tulip,B,2026-08-30,0.25
Tulip,B,2026-08-31,0.25
Tulip,B,2026-09-01,0.25
Tulip,B,2026-09-02,0.24
Tulip,B,2026-09-03,0.24
Tulip,B,2026-09-04,0.25
Tulip,B,2026-09-05,0.25
Tulip,B,2026-09-06,0.25
Tulip,B,2026-09-07,0.25
Tulip,B,2026-09-08,0.25
Tulip,C,2026-08-09,0.17
Tulip,C,2026-08-10,0.17
Tulip,C,2026-08-11,0.17
Tulip,C,2026-08-12,0.17
Tulip,C,2026-08-13,0.16
Tulip,C,2026-08-14,0.16
Tulip,C,2026-08-15,0.16
Tulip,C,2026-08-16,0.16
Tulip,C,2026-08-17,0.16
Tulip,C,2026-08-18,0.16
Tulip,C,2026-08-19,0.16
Tulip,C,2026-08-20,0.16
Tulip,C,2026-08-21,0.16
Tulip,C,2026-08-22,0.15
Tulip,C,2026-08-23,0.15
Tulip,C,2026-08-24,0.16
Tulip,C,2026-08-25,0.16
Tulip,C,2026-08-26,0.16
Tulip,C,2026-08-27,0.16
Tulip,C,2026-08-28,0.16
Tulip,C,2026-08-29,0.16
Tulip,C,2026-08-30,0.15
Tulip,C,2026-08-31,0.15
Tulip,C,2026-09-01,0.15
Tulip,C,2026-09-02,0.15
Tulip,C,2026-09-03,0.15
Tulip,C,2026-09-04,0.16
Tulip,C,2026-09-05,0.16
Tulip,C,2026-09-06,0.16
Tulip,C,2026-09-07,0.16
Tulip,C,2026-09-08,0.15
Chrysanthemum,A,2026-08-09,0.31
Chrysanthemum,A,2026-08-10,0.3
Chrysanthemum,A,2026-08-11,0.29
Chrysanthemum,A,2026-08-12,0.29
Chrysanthemum,A,2026-08-13,0.29
Chrysanthemum,A,2026-08-14,0.29
Chrysanthemum,A,2026-08-15,0.28
Chrysanthemum,A,2026-08-16,0.29
Chrysanthemum,A,2026-08-17,0.29
Chrysanthemum,A,2026-08-18,0.3
Chrysanthemum,A,2026-08-19,0.3
Chrysanthemum,A,2026-08-20,0.29
Chrysanthemum,A,2026-08-21,0.3
Chrysanthemum,A,2026-08-22,0.31
Chrysanthemum,A,2026-08-23,0.32
Chrysanthemum,A,2026-08-24,0.33
Chrysanthemum,A,2026-08-25,0.34
Chrysanthemum,A,2026-08-26,0.33
Chrysanthemum,A,2026-08-27,0.33
Chrysanthemum,A,2026-08-28,0.32
Chrysanthemum,A,2026-08-29,0.32
Chrysanthemum,A,2026-08-30,0.31
Chrysanthemum,A,2026-08-31,0.31
Chrysanthemum,A,2026-09-01,0.32
Chrysanthemum,A,2026-09-02,0.31
Chrysanthemum,A,2026-09-03,0.32
Chrysanthemum,A,2026-09-04,0.32
Chrysanthemum,A,2026-09-05,0.32
Chrysanthemum,A,2026-09-06,0.33
Chrysanthemum,A,2026-09-07,0.34
Chrysanthemum,A,2026-09-08,0.34
Chrysanthemum,B,2026-08-09,0.23
Chrysanthemum,B,2026-08-10,0.22
Chrysanthemum,B,2026-08-11,0.22
Chrysanthemum,B,2026-08-12,0.23
Chrysanthemum,B,2026-08-13,0.23
Chrysanthemum,B,2026-08-14,0.23
Chrysanthemum,B,2026-08-15,0.23
Chrysanthemum,B,2026-08-16,0.23
Chrysanthemum,B,2026-08-17,0.23
Chrysanthemum,B,2026-08-18,0.23
Chrysanthemum,B,2026-08-19,0.23
Chrysanthemum,B,2026-08-20,0.23
Chrysanthemum,B,2026-08-21,0.24
Chrysanthemum,B,2026-08-22,0.23
Chrysanthemum,B,2026-08-23,0.22
Chrysanthemum,B,2026-08-24,0.22
Chrysanthemum,B,2026-08-25,0.23
Chrysanthemum,B,2026-08-26,0.22
Chrysanthemum,B,2026-08-27,0.22
Chrysanthemum,B,2026-08-28,0.22
Chrysanthemum,B,2026-08-29,0.22
Chrysanthemum,B,2026-08-30,0.22
Chrysanthemum,B,2026-08-31,0.22
Chrysanthemum,B,2026-09-01,0.22
Chrysanthemum,B,2026-09-02,0.22
Chrysanthemum,B,2026-09-03,0.22
Chrysanthemum,B,2026-09-04,0.23
Chrysanthemum,B,2026-09-05,0.22
Chrysanthemum,B,2026-09-06,0.23
Chrysanthemum,B,2026-09-07,0.22
Chrysanthemum,B,2026-09-08,0.22
Chrysanthemum,C,2026-08-09,0.15
Chrysanthemum,C,2026-08-10,0.15
Chrysanthemum,C,2026-08-11,0.15
Chrysanthemum,C,2026-08-12,0.15
Chrysanthemum,C,2026-08-13,0.15
Chrysanthemum,C,2026-08-14,0.14
Chrysanthemum,C,2026-08-15,0.15
Chrysanthemum,C,2026-08-16,0.16
Chrysanthemum,C,2026-08-17,0.15
Chrysanthemum,C,2026-08-18,0.15
Chrysanthemum,C,2026-08-19,0.14
Chrysanthemum,C,2026-08-20,0.15
Chrysanthemum,C,2026-08-21,0.15
Chrysanthemum,C,2026-08-22,0.16
Chrysanthemum,C,2026-08-23,0.16
Chrysanthemum,C,2026-08-24,0.15
Chrysanthemum,C,2026-08-25,0.16
Chrysanthemum,C,2026-08-26,0.16
Chrysanthemum,C,2026-08-27,0.16
Chrysanthemum,C,2026-08-28,0.17
Chrysanthemum,C,2026-08-29,0.17
Chrysanthemum,C,2026-08-30,0.16
Chrysanthemum,C,2026-08-31,0.17
Chrysanthemum,C,2026-09-01,0.16
Chrysanthemum,C,2026-09-02,0.17
Chrysanthemum,C,2026-09-03,0.17
Chrysanthemum,C,2026-09-04,0.17
Chrysanthemum,C,2026-09-05,0.16
Chrysanthemum,C,2026-09-06,0.16
Chrysanthemum,C,2026-09-07,0.16
Chrysanthemum,C,2026-09-08,0.15
Easter lily,A,2026-08-09,0.91
Easter lily,A,2026-08-10,0.92
Easter lily,A,2026-08-11,0.9
Easter lily,A,2026-08-12,0.91
Easter lily,A,2026-08-13,0.89
Easter lily,A,2026-08-14,0.89
Easter lily,A,2026-08-15,0.92
Easter lily,A,2026-08-16,0.95
Easter lily,A,2026-08-17,0.92
Easter lily,A,2026-08-18,0.91
Easter lily,A,2026-08-19,0.89
Easter lily,A,2026-08-20,0.86
Easter lily,A,2026-08-21,0.88
Easter lily,A,2026-08-22,0.89
Easter lily,A,2026-08-23,0.87
Easter lily,A,2026-08-24,0.89
Easter lily,A,2026-08-25,0.89
Easter lily,A,2026-08-26,0.89
Easter lily,A,2026-08-27,0.85
Easter lily,A,2026-08-28,0.82
Easter lily,A,2026-08-29,0.85
Easter lily,A,2026-08-30,0.87
Easter lily,A,2026-08-31,0.88
Easter lily,A,2026-09-01,0.9
Easter lily,A,2026-09-02,0.91
Easter lily,A,2026-09-03,0.88
Easter lily,A,2026-09-04,0.86
Easter lily,A,2026-09-05,0.84
Easter lily,A,2026-09-06,0.87
Easter lily,A,2026-09-07,0.89
Easter lily,A,2026-09-08,0.92
Easter lily,B,2026-08-09,0.7
Easter lily,B,2026-08-10,0.68
Easter lily,B,2026-08-11,0.67
Easter lily,B,2026-08-12,0.65
Easter lily,B,2026-08-13,0.66
Easter lily,B,2026-08-14,0.68
Easter lily,B,2026-08-15,0.68
Easter lily,B,2026-08-16,0.68
Easter lily,B,2026-08-17,0.66
Easter lily,B,2026-08-18,0.69
Easter lily,B,2026-08-19,0.71
Easter lily,B,2026-08-20,0.73
Easter lily,B,2026-08-21,0.75
Easter lily,B,2026-08-22,0.77
Easter lily,B,2026-08-23,0.74
Easter lily,B,2026-08-24,0.76
Easter lily,B,2026-08-25,0.75
Easter lily,B,2026-08-26,0.77
Easter lily,B,2026-08-27,0.79
Easter lily,B,2026-08-28,0.82
Easter lily,B,2026-08-29,0.84
Easter lily,B,2026-08-30,0.82
Easter lily,B,2026-08-31,0.84
Easter lily,B,2026-09-01,0.81
Easter lily,B,2026-09-02,0.84
Easter lily,B,2026-09-03,0.86
Easter lily,B,2026-09-04,0.84
Easter lily,B,2026-09-05,0.86
Easter lily,B,2026-09-06,0.86
Easter lily,B,2026-09-07,0.85
Easter lily,B,2026-09-08,0.87
Easter lily,C,2026-08-09,0.44
Easter lily,C,2026-08-10,0.42
Easter lily,C,2026-08-11,0.41
Easter lily,C,2026-08-12,0.41
Easter lily,C,2026-08-13,0.42
Easter lily,C,2026-08-14,0.43
Easter lily,C,2026-08-15,0.43
Easter lily,C,2026-08-16,0.43
Easter lily,C,2026-08-17,0.43
Easter lily,C,2026-08-18,0.45
Easter lily,C,2026-08-19,0.45
Easter lily,C,2026-08-20,0.46
Easter lily,C,2026-08-21,0.45
Easter lily,C,2026-08-22,0.46
Easter lily,C,2026-08-23,0.45
Easter lily,C,2026-08-24,0.47
Easter lily,C,2026-08-25,0.46
Easter lily,C,2026-08-26,0.45
Easter lily,C,2026-08-27,0.44
Easter lily,C,2026-08-28,0.45
Easter lily,C,2026-08-29,0.45
Easter lily,C,2026-08-30,0.45
Easter lily,C,2026-08-31,0.45
Easter lily,C,2026-09-01,0.45
Easter lily,C,2026-09-02,0.45
Easter lily,C,2026-09-03,0.44
Easter lily,C,2026-09-04,0.45
Easter lily,C,2026-09-05,0.43
Easter lily,C,2026-09-06,0.44
Easter lily,C,2026-09-07,0.44
Easter lily,C,2026-09-08,0.45
Moth orchid,A,2026-08-09,1.22
Moth orchid,A,2026-08-10,1.24
Moth orchid,A,2026-08-11,1.23
Moth orchid,A,2026-08-12,1.18
Moth orchid,A,2026-08-13,1.2
Moth orchid,A,2026-08-14,1.18
Moth orchid,A,2026-08-15,1.17
Moth orchid,A,2026-08-16,1.2
Moth orchid,A,2026-08-17,1.22
Moth orchid,A,2026-08-18,1.2
Moth orchid,A,2026-08-19,1.18
Moth orchid,A,2026-08-20,1.17
Moth orchid,A,2026-08-21,1.16
Moth orchid,A,2026-08-22,1.14
Moth orchid,A,2026-08-23,1.11
Moth orchid,A,2026-08-24,1.1
Moth orchid,A,2026-08-25,1.14
Moth orchid,A,2026-08-26,1.16
Moth orchid,A,2026-08-27,1.2
Moth orchid,A,2026-08-28,1.21
Moth orchid,A,2026-08-29,1.19
Moth orchid,A,2026-08-30,1.19
Moth orchid,A,2026-08-31,1.14
Moth orchid,A,2026-09-01,1.13
Moth orchid,A,2026-09-02,1.12
Moth orchid,A,2026-09-03,1.13
Moth orchid,A,2026-09-04,1.14
Moth orchid,A,2026-09-05,1.14
Moth orchid,A,2026-09-06,1.13
Moth orchid,A,2026-09-07,1.11
Moth orchid,A,2026-09-08,1.1
Moth orchid,B,2026-08-09,0.93
Moth orchid,B,2026-08-10,0.95
Moth orchid,B,2026-08-11,0.93
Moth orchid,B,2026-08-12,0.9
Moth orchid,B,2026-08-13,0.9
Moth orchid,B,2026-08-14,0.91
Moth orchid,B,2026-08-15,0.89
Moth orchid,B,2026-08-16,0.92
Moth orchid,B,2026-08-17,0.93
Moth orchid,B,2026-08-18,0.95
Moth orchid,B,2026-08-19,0.93
Moth orchid,B,2026-08-20,0.9
Moth orchid,B,2026-08-21,0.87
Moth orchid,B,2026-08-22,0.85
Moth orchid,B,2026-08-23,0.85
Moth orchid,B,2026-08-24,0.87
Moth orchid,B,2026-08-25,0.84
Moth orchid,B,2026-08-26,0.84
Moth orchid,B,2026-08-27,0.85
Moth orchid,B,2026-08-28,0.83
Moth orchid,B,2026-08-29,0.84
Moth orchid,B,2026-08-30,0.84
Moth orchid,B,2026-08-31,0.82
Moth orchid,B,2026-09-01,0.83
Moth orchid,B,2026-09-02,0.8
Moth orchid,B,2026-09-03,0.82
Moth orchid,B,2026-09-04,0.83
Moth orchid,B,2026-09-05,0.81
Moth orchid,B,2026-09-06,0.8
Moth orchid,B,2026-09-07,0.78
Moth orchid,B,2026-09-08,0.81
Moth orchid,C,2026-08-09,0.6
Moth orchid,C,2026-08-10,0.58
Moth orchid,C,2026-08-11,0.57
Moth orchid,C,2026-08-12,0.58
Moth orchid,C,2026-08-13,0.58
Moth orchid,C,2026-08-14,0.6
Moth orchid,C,2026-08-15,0.6
Moth orchid,C,2026-08-16,0.63
Moth orchid,C,2026-08-17,0.63
Moth orchid,C,2026-08-18,0.65
Moth orchid,C,2026-08-19,0.67
Moth orchid,C,2026-08-20,0.68
Moth orchid,C,2026-08-21,0.69
Moth orchid,C,2026-08-22,0.69
Moth orchid,C,2026-08-23,0.71
Moth orchid,C,2026-08-24,0.71
Moth orchid,C,2026-08-25,0.74
Moth orchid,C,2026-08-26,0.75
Moth orchid,C,2026-08-27,0.75
Moth orchid,C,2026-08-28,0.74
Moth orchid,C,2026-08-29,0.72
Moth orchid,C,2026-08-30,0.73
Moth orchid,C,2026-08-31,0.74
Moth orchid,C,2026-09-01,0.75
Moth orchid,C,2026-09-02,0.75
Moth orchid,C,2026-09-03,0.74
Moth orchid,C,2026-09-04,0.71
Moth orchid,C,2026-09-05,0.7
Moth orchid,C,2026-09-06,0.69
Moth orchid,C,2026-09-07,0.68
Moth orchid,C,2026-09-08,0.68
Carnation,A,2026-08-09,0.24
Carnation,A,2026-08-10,0.24
Carnation,A,2026-08-11,0.24
Carnation,A,2026-08-12,0.25
Carnation,A,2026-08-13,0.24
Carnation,A,2026-08-14,0.23
Carnation,A,2026-08-15,0.24
Carnation,A,2026-08-16,0.23
Carnation,A,2026-08-17,0.23
Carnation,A,2026-08-18,0.23
Carnation,A,2026-08-19,0.23
Carnation,A,2026-08-20,0.24
Carnation,A,2026-08-21,0.24
Carnation,A,2026-08-22,0.25
Carnation,A,2026-08-23,0.25
Carnation,A,2026-08-24,0.25
Carnation,A,2026-08-25,0.24
Carnation,A,2026-08-26,0.24
Carnation,A,2026-08-27,0.24
Carnation,A,2026-08-28,0.25
Carnation,A,2026-08-29,0.26
Carnation,A,2026-08-30,0.26
Carnation,A,2026-08-31,0.26
Carnation,A,2026-09-01,0.26
Carnation,A,2026-09-02,0.26
Carnation,A,2026-09-03,0.26
Carnation,A,2026-09-04,0.25
Carnation,A,2026-09-05,0.25
Carnation,A,2026-09-06,0.24
Carnation,A,2026-09-07,0.24
Carnation,A,2026-09-08,0.24
Carnation,B,2026-08-09,0.19
Carnation,B,2026-08-10,0.18
Carnation,B,2026-08-11,0.18
Carnation,B,2026-08-12,0.18
Carnation,B,2026-08-13,0.18
Carnation,B,2026-08-14,0.17
Carnation,B,2026-08-15,0.17
Carnation,B,2026-08-16,0.17
Carnation,B,2026-08-17,0.16
Carnation,B,2026-08-18,0.17
Carnation,B,2026-08-19,0.16
Carnation,B,2026-08-20,0.16
Carnation,B,2026-08-21,0.15
Carnation,B,2026-08-22,0.15
Carnation,B,2026-08-23,0.15
Carnation,B,2026-08-24,0.15
Carnation,B,2026-08-25,0.15
Carnation,B,2026-08-26,0.15
Carnation,B,2026-08-27,0.15
Carnation,B,2026-08-28,0.16
Carnation,B,2026-08-29,0.15
Carnation,B,2026-08-30,0.15
Carnation,B,2026-08-31,0.14
Carnation,B,2026-09-01,0.14
Carnation,B,2026-09-02,0.15
Carnation,B,2026-09-03,0.15
Carnation,B,2026-09-04,0.15
Carnation,B,2026-09-05,0.15
Carnation,B,2026-09-06,0.15
Carnation,B,2026-09-07,0.16
Carnation,B,2026-09-08,0.16
Carnation,C,2026-08-09,0.12
Carnation,C,2026-08-10,0.12
Carnation,C,2026-08-11,0.11
Carnation,C,2026-08-12,0.11
Carnation,C,2026-08-13,0.11
Carnation,C,2026-08-14,0.11
Carnation,C,2026-08-15,0.11
Carnation,C,2026-08-16,0.11
Carnation,C,2026-08-17,0.11
Carnation,C,2026-08-18,0.11
Carnation,C,2026-08-19,0.11
Carnation,C,2026-08-20,0.11
Carnation,C,2026-08-21,0.11
Carnation,C,2026-08-22,0.11
Carnation,C,2026-08-23,0.12
Carnation,C,2026-08-24,0.11
Carnation,C,2026-08-25,0.11
Carnation,C,2026-08-26,0.11
Carnation,C,2026-08-27,0.11
Carnation,C,2026-08-28,0.11
Carnation,C,2026-08-29,0.11
Carnation,C,2026-08-30,0.11
Carnation,C,2026-08-31,0.11
Carnation,C,2026-09-01,0.11
Carnation,C,2026-09-02,0.11
Carnation,C,2026-09-03,0.11
Carnation,C,2026-09-04,0.11
Carnation,C,2026-09-05,0.12
Carnation,C,2026-09-06,0.12
Carnation,C,2026-09-07,0.11
Carnation,C,2026-09-08,0.12
Sunflower,A,2026-08-09,0.61
Sunflower,A,2026-08-10,0.61
Sunflower,A,2026-08-11,0.6
Sunflower,A,2026-08-12,0.6
Sunflower,A,2026-08-13,0.6
Sunflower,A,2026-08-14,0.59
Sunflower,A,2026-08-15,0.61
Sunflower,A,2026-08-16,0.62
Sunflower,A,2026-08-17,0.6
Sunflower,A,2026-08-18,0.62
Sunflower,A,2026-08-19,0.63
Sunflower,A,2026-08-20,0.65
Sunflower,A,2026-08-21,0.66
Sunflower,A,2026-08-22,0.65
Sunflower,A,2026-08-23,0.67
Sunflower,A,2026-08-24,0.69
Sunflower,A,2026-08-25,0.68
Sunflower,A,2026-08-26,0.7
Sunflower,A,2026-08-27,0.7
Sunflower,A,2026-08-28,0.7
Sunflower,A,2026-08-29,0.69
Sunflower,A,2026-08-30,0.71
Sunflower,A,2026-08-31,0.69
Sunflower,A,2026-09-01,0.71
Sunflower,A,2026-09-02,0.73
Sunflower,A,2026-09-03,0.71
Sunflower,A,2026-09-04,0.73
Sunflower,A,2026-09-05,0.71
Sunflower,A,2026-09-06,0.71
Sunflower,A,2026-09-07,0.72
Sunflower,A,2026-09-08,0.71
Sunflower,B,2026-08-09,0.43
Sunflower,B,2026-08-10,0.45
Sunflower,B,2026-08-11,0.43
Sunflower,B,2026-08-12,0.42
Sunflower,B,2026-08-13,0.43
Sunflower,B,2026-08-14,0.43
Sunflower,B,2026-08-15,0.44
Sunflower,B,2026-08-16,0.45
Sunflower,B,2026-08-17,0.44
Sunflower,B,2026-08-18,0.42
Sunflower,B,2026-08-19,0.44
Sunflower,B,2026-08-20,0.42
Sunflower,B,2026-08-21,0.43
Sunflower,B,2026-08-22,0.43
Sunflower,B,2026-08-23,0.44
Sunflower,B,2026-08-24,0.45
Sunflower,B,2026-08-25,0.45
Sunflower,B,2026-08-26,0.45
Sunflower,B,2026-08-27,0.46
Sunflower,B,2026-08-28,0.45
Sunflower,B,2026-08-29,0.44
Sunflower,B,2026-08-30,0.44
Sunflower,B,2026-08-31,0.44
Sunflower,B,2026-09-01,0.44
Sunflower,B,2026-09-02,0.44
Sunflower,B,2026-09-03,0.44
Sunflower,B,2026-09-04,0.44
Sunflower,B,2026-09-05,0.45
Sunflower,B,2026-09-06,0.44
Sunflower,B,2026-09-07,0.45
Sunflower,B,2026-09-08,0.44
Sunflower,C,2026-08-09,0.29
Sunflower,C,2026-08-10,0.29
Sunflower,C,2026-08-11,0.28
Sunflower,C,2026-08-12,0.27
Sunflower,C,2026-08-13,0.27
Sunflower,C,2026-08-14,0.28
Sunflower,C,2026-08-15,0.27
Sunflower,C,2026-08-16,0.26
Sunflower,C,2026-08-17,0.26
Sunflower,C,2026-08-18,0.27
Sunflower,C,2026-08-19,0.28
Sunflower,C,2026-08-20,0.28
Sunflower,C,2026-08-21,0.27
Sunflower,C,2026-08-22,0.26
Sunflower,C,2026-08-23,0.26
Sunflower,C,2026-08-24,0.25
Sunflower,C,2026-08-25,0.25
Sunflower,C,2026-08-26,0.24
Sunflower,C,2026-08-27,0.24
Sunflower,C,2026-08-28,0.23
Sunflower,C,2026-08-29,0.24
Sunflower,C,2026-08-30,0.24
Sunflower,C,2026-08-31,0.25
Sunflower,C,2026-09-01,0.24
Sunflower,C,2026-09-02,0.25
Sunflower,C,2026-09-03,0.25
Sunflower,C,2026-09-04,0.25
Sunflower,C,2026-09-05,0.25
Sunflower,C,2026-09-06,0.25
Sunflower,C,2026-09-07,0.25
Sunflower,C,2026-09-08,0.25
Oxeye daisy,A,2026-08-09,0.29
Oxeye daisy,A,2026-08-10,0.3
Oxeye daisy,A,2026-08-11,0.3
Oxeye daisy,A,2026-08-12,0.31
Oxeye daisy,A,2026-08-13,0.3
Oxeye daisy,A,2026-08-14,0.29
Oxeye daisy,A,2026-08-15,0.3
Oxeye daisy,A,2026-08-16,0.29
Oxeye daisy,A,2026-08-17,0.28
Oxeye daisy,A,2026-08-18,0.28
Oxeye daisy,A,2026-08-19,0.28
Oxeye daisy,A,2026-08-20,0.29
Oxeye daisy,A,2026-08-21,0.28
Oxeye daisy,A,2026-08-22,0.28
Oxeye daisy,A,2026-08-23,0.29
Oxeye daisy,A,2026-08-24,0.29
Oxeye daisy,A,2026-08-25,0.29
Oxeye daisy,A,2026-08-26,0.29
Oxeye daisy,A,2026-08-27,0.29
Oxeye daisy,A,2026-08-28,0.28
Oxeye daisy,A,2026-08-29,0.29
Oxeye daisy,A,2026-08-30,0.3
Oxeye daisy,A,2026-08-31,0.3
Oxeye daisy,A,2026-09-01,0.3
Oxeye daisy,A,2026-09-02,0.3
Oxeye daisy,A,2026-09-03,0.31
Oxeye daisy,A,2026-09-04,0.32
Oxeye daisy,A,2026-09-05,0.31
Oxeye daisy,A,2026-09-06,0.31
Oxeye daisy,A,2026-09-07,0.31
Oxeye daisy,A,2026-09-08,0.3
Oxeye daisy,B,2026-08-09,0.22
Oxeye daisy,B,2026-08-10,0.21
Oxeye daisy,B,2026-08-11,0.2
Oxeye daisy,B,2026-08-12,0.2
Oxeye daisy,B,2026-08-13,0.2
Oxeye daisy,B,2026-08-14,0.2
Oxeye daisy,B,2026-08-15,0.2
Oxeye daisy,B,2026-08-16,0.2
Oxeye daisy,B,2026-08-17,0.2
Oxeye daisy,B,2026-08-18,0.2
Oxeye daisy,B,2026-08-19,0.21
Oxeye daisy,B,2026-08-20,0.21
Oxeye daisy,B,2026-08-21,0.22
Oxeye daisy,B,2026-08-22,0.22
Oxeye daisy,B,2026-08-23,0.22
Oxeye daisy,B,2026-08-24,0.23
Oxeye daisy,B,2026-08-25,0.23
Oxeye daisy,B,2026-08-26,0.23
Oxeye daisy,B,2026-08-27,0.23
Oxeye daisy,B,2026-08-28,0.24
Oxeye daisy,B,2026-08-29,0.25
Oxeye daisy,B,2026-08-30,0.24
Oxeye daisy,B,2026-08-31,0.23
Oxeye daisy,B,2026-09-01,0.23
Oxeye daisy,B,2026-09-02,0.23
Oxeye daisy,B,2026-09-03,0.23
Oxeye daisy,B,2026-09-04,0.23
Oxeye daisy,B,2026-09-05,0.22
Oxeye daisy,B,2026-09-06,0.23
Oxeye daisy,B,2026-09-07,0.23
Oxeye daisy,B,2026-09-08,0.24
Oxeye daisy,C,2026-08-09,0.15
Oxeye daisy,C,2026-08-10,0.15
Oxeye daisy,C,2026-08-11,0.14
Oxeye daisy,C,2026-08-12,0.14
Oxeye daisy,C,2026-08-13,0.14
Oxeye daisy,C,2026-08-14,0.14
Oxeye daisy,C,2026-08-15,0.13
Oxeye daisy,C,2026-08-16,0.13
Oxeye daisy,C,2026-08-17,0.13
Oxeye daisy,C,2026-08-18,0.14
Oxeye daisy,C,2026-08-19,0.14
Oxeye daisy,C,2026-08-20,0.14
Oxeye daisy,C,2026-08-21,0.15
Oxeye daisy,C,2026-08-22,0.15
Oxeye daisy,C,2026-08-23,0.15
Oxeye daisy,C,2026-08-24,0.14
Oxeye daisy,C,2026-08-25,0.15
Oxeye daisy,C,2026-08-26,0.15
Oxeye daisy,C,2026-08-27,0.15
Oxeye daisy,C,2026-08-28,0.15
Oxeye daisy,C,2026-08-29,0.15
Oxeye daisy,C,2026-08-30,0.15
Oxeye daisy,C,2026-08-31,0.15
Oxeye daisy,C,2026-09-01,0.15
Oxeye daisy,C,2026-09-02,0.15
Oxeye daisy,C,2026-09-03,0.14
Oxeye daisy,C,2026-09-04,0.14
Oxeye daisy,C,2026-09-05,0.14
Oxeye daisy,C,2026-09-06,0.15
Oxeye daisy,C,2026-09-07,0.15
Oxeye daisy,C,2026-09-08,0.15
Bearded iris,A,2026-08-09,0.44
Bearded iris,A,2026-08-10,0.46
Bearded iris,A,2026-08-11,0.47
Bearded iris,A,2026-08-12,0.47
Bearded iris,A,2026-08-13,0.47
Bearded iris,A,2026-08-14,0.46
Bearded iris,A,2026-08-15,0.46
Bearded iris,A,2026-08-16,0.47
Bearded iris,A,2026-08-17,0.47
Bearded iris,A,2026-08-18,0.47
Bearded iris,A,2026-08-19,0.49
Bearded iris,A,2026-08-20,0.49
Bearded iris,A,2026-08-21,0.5
Bearded iris,A,2026-08-22,0.49
Bearded iris,A,2026-08-23,0.48
Bearded iris,A,2026-08-24,0.48
Bearded iris,A,2026-08-25,0.49
Bearded iris,A,2026-08-26,0.49
Bearded iris,A,2026-08-27,0.5
Bearded iris,A,2026-08-28,0.49
Bearded iris,A,2026-08-29,0.49
Bearded iris,A,2026-08-30,0.51
Bearded iris,A,2026-08-31,0.5
Bearded iris,A,2026-09-01,0.51
Bearded iris,A,2026-09-02,0.5
Bearded iris,A,2026-09-03,0.52
Bearded iris,A,2026-09-04,0.52
Bearded iris,A,2026-09-05,0.51
Bearded iris,A,2026-09-06,0.5
Bearded iris,A,2026-09-07,0.5
Bearded iris,A,2026-09-08,0.5
Bearded iris,B,2026-08-09,0.33
Bearded iris,B,2026-08-10,0.34
Bearded iris,B,2026-08-11,0.35
Bearded iris,B,2026-08-12,0.35
Bearded iris,B,2026-08-13,0.34
Bearded iris,B,2026-08-14,0.35
Bearded iris,B,2026-08-15,0.35
Bearded iris,B,2026-08-16,0.35
Bearded iris,B,2026-08-17,0.35
Bearded iris,B,2026-08-18,0.35
Bearded iris,B,2026-08-19,0.36
Bearded iris,B,2026-08-20,0.37
Bearded iris,B,2026-08-21,0.36
Bearded iris,B,2026-08-22,0.36
Bearded iris,B,2026-08-23,0.36
Bearded iris,B,2026-08-24,0.37
Bearded iris,B,2026-08-25,0.37
Bearded iris,B,2026-08-26,0.38
Bearded iris,B,2026-08-27,0.4
Bearded iris,B,2026-08-28,0.39
Bearded iris,B,2026-08-29,0.4
Bearded iris,B,2026-08-30,0.4
Bearded iris,B,2026-08-31,0.41
Bearded iris,B,2026-09-01,0.41
Bearded iris,B,2026-09-02,0.42
Bearded iris,B,2026-09-03,0.41
Bearded iris,B,2026-09-04,0.41
Bearded iris,B,2026-09-05,0.41
Bearded iris,B,2026-09-06,0.43
Bearded iris,B,2026-09-07,0.42
Bearded iris,B,2026-09-08,0.41
Bearded iris,C,2026-08-09,0.23
Bearded iris,C,2026-08-10,0.22
Bearded iris,C,2026-08-11,0.22
Bearded iris,C,2026-08-12,0.22
Bearded iris,C,2026-08-13,0.22
Bearded iris,C,2026-08-14,0.22
Bearded iris,C,2026-08-15,0.22
Bearded iris,C,2026-08-16,0.22
Bearded iris,C,2026-08-17,0.22
Bearded iris,C,2026-08-18,0.22
Bearded iris,C,2026-08-19,0.22
Bearded iris,C,2026-08-20,0.21
Bearded iris,C,2026-08-21,0.22
Bearded iris,C,2026-08-22,0.22
Bearded iris,C,2026-08-23,0.22
Bearded iris,C,2026-08-24,0.22
Bearded iris,C,2026-08-25,0.23
Bearded iris,C,2026-08-26,0.23
Bearded iris,C,2026-08-27,0.24
Bearded iris,C,2026-08-28,0.24
Bearded iris,C,2026-08-29,0.23
Bearded iris,C,2026-08-30,0.23
Bearded iris,C,2026-08-31,0.23
Bearded iris,C,2026-09-01,0.24
Bearded iris,C,2026-09-02,0.25
Bearded iris,C,2026-09-03,0.25
Bearded iris,C,2026-09-04,0.25
Bearded iris,C,2026-09-05,0.25
Bearded iris,C,2026-09-06,0.25
Bearded iris,C,2026-09-07,0.25
Bearded iris,C,2026-09-08,0.25
Gerbera daisy,A,2026-08-09,0.34
Gerbera daisy,A,2026-08-10,0.34
Gerbera daisy,A,2026-08-11,0.35
Gerbera daisy,A,2026-08-12,0.35
Gerbera daisy,A,2026-08-13,0.35
Gerbera daisy,A,2026-08-14,0.36
Gerbera daisy,A,2026-08-15,0.37
Gerbera daisy,A,2026-08-16,0.38
Gerbera daisy,A,2026-08-17,0.39
Gerbera daisy,A,2026-08-18,0.38
Gerbera daisy,A,2026-08-19,0.38
Gerbera daisy,A,2026-08-20,0.39
Gerbera daisy,A,2026-08-21,0.39
Gerbera daisy,A,2026-08-22,0.41
Gerbera daisy,A,2026-08-23,0.39
Gerbera daisy,A,2026-08-24,0.38
Gerbera daisy,A,2026-08-25,0.38
Gerbera daisy,A,2026-08-26,0.39
Gerbera daisy,A,2026-08-27,0.41
Gerbera daisy,A,2026-08-28,0.42
Gerbera daisy,A,2026-08-29,0.42
Gerbera daisy,A,2026-08-30,0.4
Gerbera daisy,A,2026-08-31,0.41
Gerbera daisy,A,2026-09-01,0.42
Gerbera daisy,A,2026-09-02,0.42
Gerbera daisy,A,2026-09-03,0.42
Gerbera daisy,A,2026-09-04,0.44
Gerbera daisy,A,2026-09-05,0.42
Gerbera daisy,A,2026-09-06,0.43
Gerbera daisy,A,2026-09-07,0.42
Gerbera daisy,A,2026-09-08,0.42
Gerbera daisy,B,2026-08-09,0.26
Gerbera daisy,B,2026-08-10,0.26
Gerbera daisy,B,2026-08-11,0.26
Gerbera daisy,B,2026-08-12,0.26
Gerbera daisy,B,2026-08-13,0.26
Gerbera daisy,B,2026-08-14,0.25
Gerbera daisy,B,2026-08-15,0.25
Gerbera daisy,B,2026-08-16,0.26
Gerbera daisy,B,2026-08-17,0.25
Gerbera daisy,B,2026-08-18,0.26
Gerbera daisy,B,2026-08-19,0.25
Gerbera daisy,B,2026-08-20,0.25
Gerbera daisy,B,2026-08-21,0.25
Gerbera daisy,B,2026-08-22,0.24
Gerbera daisy,B,2026-08-23,0.23
Gerbera daisy,B,2026-08-24,0.24
Gerbera daisy,B,2026-08-25,0.25
Gerbera daisy,B,2026-08-26,0.25
Gerbera daisy,B,2026-08-27,0.24
Gerbera daisy,B,2026-08-28,0.24
Gerbera daisy,B,2026-08-29,0.24
Gerbera daisy,B,2026-08-30,0.24
Gerbera daisy,B,2026-08-31,0.24
Gerbera daisy,B,2026-09-01,0.24
Gerbera daisy,B,2026-09-02,0.24
Gerbera daisy,B,2026-09-03,0.24
Gerbera daisy,B,2026-09-04,0.24
Gerbera daisy,B,2026-09-05,0.24
Gerbera daisy,B,2026-09-06,0.23
Gerbera daisy,B,2026-09-07,0.23
Gerbera daisy,B,2026-09-08,0.23
Gerbera daisy,C,2026-08-09,0.18
Gerbera daisy,C,2026-08-10,0.18
Gerbera daisy,C,2026-08-11,0.18
Gerbera daisy,C,2026-08-12,0.19
Gerbera daisy,C,2026-08-13,0.19
Gerbera daisy,C,2026-08-14,0.19
Gerbera daisy,C,2026-08-15,0.19
Gerbera daisy,C,2026-08-16,0.19
Gerbera daisy,C,2026-08-17,0.19
Gerbera daisy,C,2026-08-18,0.19
Gerbera daisy,C,2026-08-19,0.19
Gerbera daisy,C,2026-08-20,0.19
Gerbera daisy,C,2026-08-21,0.19
Gerbera daisy,C,2026-08-22,0.19
Gerbera daisy,C,2026-08-23,0.2
Gerbera daisy,C,2026-08-24,0.2
Gerbera daisy,C,2026-08-25,0.19
Gerbera daisy,C,2026-08-26,0.2
Gerbera daisy,C,2026-08-27,0.2
Gerbera daisy,C,2026-08-28,0.2
Gerbera daisy,C,2026-08-29,0.2
Gerbera daisy,C,2026-08-30,0.21
Gerbera daisy,C,2026-08-31,0.21
Gerbera daisy,C,2026-09-01,0.22
Gerbera daisy,C,2026-09-02,0.22
Gerbera daisy,C,2026-09-03,0.22
Gerbera daisy,C,2026-09-04,0.22
Gerbera daisy,C,2026-09-05,0.22
Gerbera daisy,C,2026-09-06,0.22
Gerbera daisy,C,2026-09-07,0.23
Gerbera daisy,C,2026-09-08,0.22
Peony,A,2026-08-09,1.48
Peony,A,2026-08-10,1.5
Peony,A,2026-08-11,1.47
Peony,A,2026-08-12,1.42
Peony,A,2026-08-13,1.43
Peony,A,2026-08-14,1.48
Peony,A,2026-08-15,1.48
Peony,A,2026-08-16,1.53
Peony,A,2026-08-17,1.57
Peony,A,2026-08-18,1.54
Peony,A,2026-08-19,1.58
Peony,A,2026-08-20,1.58
Peony,A,2026-08-21,1.62
Peony,A,2026-08-22,1.65
Peony,A,2026-08-23,1.63
Peony,A,2026-08-24,1.58
Peony,A,2026-08-25,1.64
Peony,A,2026-08-26,1.59
Peony,A,2026-08-27,1.65
Peony,A,2026-08-28,1.7
Peony,A,2026-08-29,1.73
Peony,A,2026-08-30,1.8
Peony,A,2026-08-31,1.86
Peony,A,2026-09-01,1.91
Peony,A,2026-09-02,1.89
Peony,A,2026-09-03,1.93
Peony,A,2026-09-04,1.86
Peony,A,2026-09-05,1.86
Peony,A,2026-09-06,1.86
Peony,A,2026-09-07,1.88
Peony,A,2026-09-08,1.91
Peony,B,2026-08-09,1.13
Peony,B,2026-08-10,1.16
Peony,B,2026-08-11,1.2
Peony,B,2026-08-12,1.17
Peony,B,2026-08-13,1.14
Peony,B,2026-08-14,1.1
Peony,B,2026-08-15,1.13
Peony,B,2026-08-16,1.14
Peony,B,2026-08-17,1.17
Peony,B,2026-08-18,1.15
Peony,B,2026-08-19,1.11
Peony,B,2026-08-20,1.14
Peony,B,2026-08-21,1.17
Peony,B,2026-08-22,1.16
Peony,B,2026-08-23,1.15
Peony,B,2026-08-24,1.11
Peony,B,2026-08-25,1.15
Peony,B,2026-08-26,1.14
Peony,B,2026-08-27,1.13
Peony,B,2026-08-28,1.1
Peony,B,2026-08-29,1.13
Peony,B,2026-08-30,1.1
Peony,B,2026-08-31,1.09
Peony,B,2026-09-01,1.11
Peony,B,2026-09-02,1.13
Peony,B,2026-09-03,1.17
Peony,B,2026-09-04,1.16
Peony,B,2026-09-05,1.19
Peony,B,2026-09-06,1.15
Peony,B,2026-09-07,1.15
Peony,B,2026-09-08,1.11
Peony,C,2026-08-09,0.75
Peony,C,2026-08-10,0.74
Peony,C,2026-08-11,0.77
Peony,C,2026-08-12,0.74
Peony,C,2026-08-13,0.73
Peony,C,2026-08-14,0.73
Peony,C,2026-08-15,0.76
Peony,C,2026-08-16,0.78
Peony,C,2026-08-17,0.75
Peony,C,2026-08-18,0.77
Peony,C,2026-08-19,0.77
Peony,C,2026-08-20,0.8
Peony,C,2026-08-21,0.79
Peony,C,2026-08-22,0.78
Peony,C,2026-08-23,0.76
Peony,C,2026-08-24,0.74
Peony,C,2026-08-25,0.76
Peony,C,2026-08-26,0.76
Peony,C,2026-08-27,0.77
Peony,C,2026-08-28,0.78
Peony,C,2026-08-29,0.78
Peony,C,2026-08-30,0.75
Peony,C,2026-08-31,0.77
Peony,C,2026-09-01,0.75
Peony,C,2026-09-02,0.73
Peony,C,2026-09-03,0.73
Peony,C,2026-09-04,0.71
Peony,C,2026-09-05,0.72
Peony,C,2026-09-06,0.71
Peony,C,2026-09-07,0.69
Peony,C,2026-09-08,0.71
Bigleaf hydrangea,A,2026-08-09,1.78
Bigleaf hydrangea,A,2026-08-10,1.73
Bigleaf hydrangea,A,2026-08-11,1.78
Bigleaf hydrangea,A,2026-08-12,1.71
Bigleaf hydrangea,A,2026-08-13,1.76
Bigleaf hydrangea,A,2026-08-14,1.71
Bigleaf hydrangea,A,2026-08-15,1.66
Bigleaf hydrangea,A,2026-08-16,1.63
Bigleaf hydrangea,A,2026-08-17,1.58
Bigleaf hydrangea,A,2026-08-18,1.6
Bigleaf hydrangea,A,2026-08-19,1.54
Bigleaf hydrangea,A,2026-08-20,1.48
Bigleaf hydrangea,A,2026-08-21,1.52
Bigleaf hydrangea,A,2026-08-22,1.49
Bigleaf hydrangea,A,2026-08-23,1.46
Bigleaf hydrangea,A,2026-08-24,1.43
Bigleaf hydrangea,A,2026-08-25,1.37
Bigleaf hydrangea,A,2026-08-26,1.4
Bigleaf hydrangea,A,2026-08-27,1.4
Bigleaf hydrangea,A,2026-08-28,1.43
Bigleaf hydrangea,A,2026-08-29,1.43
Bigleaf hydrangea,A,2026-08-30,1.46
Bigleaf hydrangea,A,2026-08-31,1.46
Bigleaf hydrangea,A,2026-09-01,1.42
Bigleaf hydrangea,A,2026-09-02,1.42
Bigleaf hydrangea,A,2026-09-03,1.47
Bigleaf hydrangea,A,2026-09-04,1.41
Bigleaf hydrangea,A,2026-09-05,1.45
Bigleaf hydrangea,A,2026-09-06,1.49
Bigleaf hydrangea,A,2026-09-07,1.49
Bigleaf hydrangea,A,2026-09-08,1.49
Bigleaf hydrangea,B,2026-08-09,1.4
Bigleaf hydrangea,B,2026-08-10,1.35
Bigleaf hydrangea,B,2026-08-11,1.35
Bigleaf hydrangea,B,2026-08-12,1.34
Bigleaf hydrangea,B,2026-08-13,1.36
Bigleaf hydrangea,B,2026-08-14,1.36
Bigleaf hydrangea,B,2026-08-15,1.4
Bigleaf hydrangea,B,2026-08-16,1.35
Bigleaf hydrangea,B,2026-08-17,1.31
Bigleaf hydrangea,B,2026-08-18,1.32
Bigleaf hydrangea,B,2026-08-19,1.27
Bigleaf hydrangea,B,2026-08-20,1.25
Bigleaf hydrangea,B,2026-08-21,1.26
Bigleaf hydrangea,B,2026-08-22,1.27
Bigleaf hydrangea,B,2026-08-23,1.25
Bigleaf hydrangea,B,2026-08-24,1.3
Bigleaf hydrangea,B,2026-08-25,1.3
Bigleaf hydrangea,B,2026-08-26,1.3
Bigleaf hydrangea,B,2026-08-27,1.31
Bigleaf hydrangea,B,2026-08-28,1.27
Bigleaf hydrangea,B,2026-08-29,1.29
Bigleaf hydrangea,B,2026-08-30,1.32
Bigleaf hydrangea,B,2026-08-31,1.34
Bigleaf hydrangea,B,2026-09-01,1.37
Bigleaf hydrangea,B,2026-09-02,1.39
Bigleaf hydrangea,B,2026-09-03,1.36
Bigleaf hydrangea,B,2026-09-04,1.36
Bigleaf hydrangea,B,2026-09-05,1.33
Bigleaf hydrangea,B,2026-09-06,1.31
Bigleaf hydrangea,B,2026-09-07,1.31
Bigleaf hydrangea,B,2026-09-08,1.3
Bigleaf hydrangea,C,2026-08-09,0.87
Bigleaf hydrangea,C,2026-08-10,0.87
Bigleaf hydrangea,C,2026-08-11,0.88
Bigleaf hydrangea,C,2026-08-12,0.87
Bigleaf hydrangea,C,2026-08-13,0.84
Bigleaf hydrangea,C,2026-08-14,0.87
Bigleaf hydrangea,C,2026-08-15,0.84
Bigleaf hydrangea,C,2026-08-16,0.86
Bigleaf hydrangea,C,2026-08-17,0.84
Bigleaf hydrangea,C,2026-08-18,0.81
Bigleaf hydrangea,C,2026-08-19,0.83
Bigleaf hydrangea,C,2026-08-20,0.85
Bigleaf hydrangea,C,2026-08-21,0.85
Bigleaf hydrangea,C,2026-08-22,0.86
Bigleaf hydrangea,C,2026-08-23,0.86
Bigleaf hydrangea,C,2026-08-24,0.85
Bigleaf hydrangea,C,2026-08-25,0.82
Bigleaf hydrangea,C,2026-08-26,0.81
Bigleaf hydrangea,C,2026-08-27,0.82
Bigleaf hydrangea,C,2026-08-28,0.84
Bigleaf hydrangea,C,2026-08-29,0.86
Bigleaf hydrangea,C,2026-08-30,0.88
Bigleaf hydrangea,C,2026-08-31,0.91
Bigleaf hydrangea,C,2026-09-01,0.92
Bigleaf hydrangea,C,2026-09-02,0.91
Bigleaf hydrangea,C,2026-09-03,0.92
Bigleaf hydrangea,C,2026-09-04,0.89
Bigleaf hydrangea,C,2026-09-05,0.91
Bigleaf hydrangea,C,2026-09-06,0.89
Bigleaf hydrangea,C,2026-09-07,0.86
Bigleaf hydrangea,C,2026-09-08,0.88
Freesia,A,2026-08-09,0.4
Freesia,A,2026-08-10,0.4
Freesia,A,2026-08-11,0.41
Freesia,A,2026-08-12,0.42
Freesia,A,2026-08-13,0.43
Freesia,A,2026-08-14,0.44
Freesia,A,2026-08-15,0.46
Freesia,A,2026-08-16,0.46
Freesia,A,2026-08-17,0.46
Freesia,A,2026-08-18,0.45
Freesia,A,2026-08-19,0.46
Freesia,A,2026-08-20,0.47
Freesia,A,2026-08-21,0.47
Freesia,A,2026-08-22,0.45
Freesia,A,2026-08-23,0.46
Freesia,A,2026-08-24,0.45
Freesia,A,2026-08-25,0.45
Freesia,A,2026-08-26,0.43
Freesia,A,2026-08-27,0.44
Freesia,A,2026-08-28,0.45
Freesia,A,2026-08-29,0.44
Freesia,A,2026-08-30,0.43
Freesia,A,2026-08-31,0.43
Freesia,A,2026-09-01,0.42
Freesia,A,2026-09-02,0.43
Freesia,A,2026-09-03,0.42
Freesia,A,2026-09-04,0.41
Freesia,A,2026-09-05,0.41
Freesia,A,2026-09-06,0.4
Freesia,A,2026-09-07,0.41
Freesia,A,2026-09-08,0.42
Freesia,B,2026-08-09,0.3
Freesia,B,2026-08-10,0.29
Freesia,B,2026-08-11,0.28
Freesia,B,2026-08-12,0.27
Freesia,B,2026-08-13,0.28
Freesia,B,2026-08-14,0.28
Freesia,B,2026-08-15,0.27
Freesia,B,2026-08-16,0.28
Freesia,B,2026-08-17,0.28
Freesia,B,2026-08-18,0.28
Freesia,B,2026-08-19,0.27
Freesia,B,2026-08-20,0.28
Freesia,B,2026-08-21,0.27
Freesia,B,2026-08-22,0.27
Freesia,B,2026-08-23,0.26
Freesia,B,2026-08-24,0.27
Freesia,B,2026-08-25,0.27
Freesia,B,2026-08-26,0.27
Freesia,B,2026-08-27,0.26
Freesia,B,2026-08-28,0.26
Freesia,B,2026-08-29,0.26
Freesia,B,2026-08-30,0.25
Freesia,B,2026-08-31,0.25
Freesia,B,2026-09-01,0.24
Freesia,B,2026-09-02,0.23
Freesia,B,2026-09-03,0.23
Freesia,B,2026-09-04,0.23
Freesia,B,2026-09-05,0.22
Freesia,B,2026-09-06,0.22
Freesia,B,2026-09-07,0.21
Freesia,B,2026-09-08,0.21
Freesia,C,2026-08-09,0.2
Freesia,C,2026-08-10,0.2
Freesia,C,2026-08-11,0.21
Freesia,C,2026-08-12,0.21
Freesia,C,2026-08-13,0.21
Freesia,C,2026-08-14,0.21
Freesia,C,2026-08-15,0.2
Freesia,C,2026-08-16,0.2
Freesia,C,2026-08-17,0.2
Freesia,C,2026-08-18,0.21
Freesia,C,2026-08-19,0.21
Freesia,C,2026-08-20,0.21
Freesia,C,2026-08-21,0.22
Freesia,C,2026-08-22,0.21
Freesia,C,2026-08-23,0.21
Freesia,C,2026-08-24,0.2
Freesia,C,2026-08-25,0.2
Freesia,C,2026-08-26,0.2
Freesia,C,2026-08-27,0.2
Freesia,C,2026-08-28,0.21
Freesia,C,2026-08-29,0.22
Freesia,C,2026-08-30,0.21
Freesia,C,2026-08-31,0.21
Freesia,C,2026-09-01,0.21
Freesia,C,2026-09-02,0.21
Freesia,C,2026-09-03,0.21
Freesia,C,2026-09-04,0.21
Freesia,C,2026-09-05,0.21
Freesia,C,2026-09-06,0.2
Freesia,C,2026-09-07,0.2
Freesia,C,2026-09-08,0.2
Gladiolus,A,2026-08-09,0.5
Gladiolus,A,2026-08-10,0.48
Gladiolus,A,2026-08-11,0.49
Gladiolus,A,2026-08-12,0.5
Gladiolus,A,2026-08-13,0.5
Gladiolus,A,2026-08-14,0.5
Gladiolus,A,2026-08-15,0.52
Gladiolus,A,2026-08-16,0.53
Gladiolus,A,2026-08-17,0.52
Gladiolus,A,2026-08-18,0.5
Gladiolus,A,2026-08-19,0.49
Gladiolus,A,2026-08-20,0.5
Gladiolus,A,2026-08-21,0.51
Gladiolus,A,2026-08-22,0.51
Gladiolus,A,2026-08-23,0.5
Gladiolus,A,2026-08-24,0.51
Gladiolus,A,2026-08-25,0.51
Gladiolus,A,2026-08-26,0.52
Gladiolus,A,2026-08-27,0.53
Gladiolus,A,2026-08-28,0.53
Gladiolus,A,2026-08-29,0.55
Gladiolus,A,2026-08-30,0.55
Gladiolus,A,2026-08-31,0.56
Gladiolus,A,2026-09-01,0.56
Gladiolus,A,2026-09-02,0.58
Gladiolus,A,2026-09-03,0.58
Gladiolus,A,2026-09-04,0.57
Gladiolus,A,2026-09-05,0.55
Gladiolus,A,2026-09-06,0.55
Gladiolus,A,2026-09-07,0.54
Gladiolus,A,2026-09-08,0.53
Gladiolus,B,2026-08-09,0.36
Gladiolus,B,2026-08-10,0.36
Gladiolus,B,2026-08-11,0.36
Gladiolus,B,2026-08-12,0.36
Gladiolus,B,2026-08-13,0.34
Gladiolus,B,2026-08-14,0.35
Gladiolus,B,2026-08-15,0.34
Gladiolus,B,2026-08-16,0.35
Gladiolus,B,2026-08-17,0.36
Gladiolus,B,2026-08-18,0.36
Gladiolus,B,2026-08-19,0.36
Gladiolus,B,2026-08-20,0.36
Gladiolus,B,2026-08-21,0.36
Gladiolus,B,2026-08-22,0.37
Gladiolus,B,2026-08-23,0.38
Gladiolus,B,2026-08-24,0.38
Gladiolus,B,2026-08-25,0.39
Gladiolus,B,2026-08-26,0.4
Gladiolus,B,2026-08-27,0.39
Gladiolus,B,2026-08-28,0.39
Gladiolus,B,2026-08-29,0.38
Gladiolus,B,2026-08-30,0.37
Gladiolus,B,2026-08-31,0.35
Gladiolus,B,2026-09-01,0.37
Gladiolus,B,2026-09-02,0.36
Gladiolus,B,2026-09-03,0.37
Gladiolus,B,2026-09-04,0.37
Gladiolus,B,2026-09-05,0.36
Gladiolus,B,2026-09-06,0.35
Gladiolus,B,2026-09-07,0.35
Gladiolus,B,2026-09-08,0.35
Gladiolus,C,2026-08-09,0.25
Gladiolus,C,2026-08-10,0.24
Gladiolus,C,2026-08-11,0.24
Gladiolus,C,2026-08-12,0.24
Gladiolus,C,2026-08-13,0.24
Gladiolus,C,2026-08-14,0.23
Gladiolus,C,2026-08-15,0.23
Gladiolus,C,2026-08-16,0.24
Gladiolus,C,2026-08-17,0.24
Gladiolus,C,2026-08-18,0.23
Gladiolus,C,2026-08-19,0.23
Gladiolus,C,2026-08-20,0.23
Gladiolus,C,2026-08-21,0.23
Gladiolus,C,2026-08-22,0.23
Gladiolus,C,2026-08-23,0.23
Gladiolus,C,2026-08-24,0.24
Gladiolus,C,2026-08-25,0.25
Gladiolus,C,2026-08-26,0.24
Gladiolus,C,2026-08-27,0.25
Gladiolus,C,2026-08-28,0.24
Gladiolus,C,2026-08-29,0.24
Gladiolus,C,2026-08-30,0.24
Gladiolus,C,2026-08-31,0.25
Gladiolus,C,2026-09-01,0.25
Gladiolus,C,2026-09-02,0.25
Gladiolus,C,2026-09-03,0.26
Gladiolus,C,2026-09-04,0.25
Gladiolus,C,2026-09-05,0.25
Gladiolus,C,2026-09-06,0.26
Gladiolus,C,2026-09-07,0.26
Gladiolus,C,2026-09-08,0.27
Daffodil,A,2026-08-09,0.31
Daffodil,A,2026-08-10,0.31
Daffodil,A,2026-08-11,0.32
Daffodil,A,2026-08-12,0.32
Daffodil,A,2026-08-13,0.32
Daffodil,A,2026-08-14,0.32
Daffodil,A,2026-08-15,0.32
Daffodil,A,2026-08-16,0.31
Daffodil,A,2026-08-17,0.31
Daffodil,A,2026-08-18,0.3
Daffodil,A,2026-08-19,0.31
Daffodil,A,2026-08-20,0.31
Daffodil,A,2026-08-21,0.3
Daffodil,A,2026-08-22,0.29
Daffodil,A,2026-08-23,0.28
Daffodil,A,2026-08-24,0.29
Daffodil,A,2026-08-25,0.28
Daffodil,A,2026-08-26,0.29
Daffodil,A,2026-08-27,0.3
Daffodil,A,2026-08-28,0.31
Daffodil,A,2026-08-29,0.29
Daffodil,A,2026-08-30,0.29
Daffodil,A,2026-08-31,0.3
Daffodil,A,2026-09-01,0.29
Daffodil,A,2026-09-02,0.28
Daffodil,A,2026-09-03,0.28
Daffodil,A,2026-09-04,0.28
Daffodil,A,2026-09-05,0.29
Daffodil,A,2026-09-06,0.3
Daffodil,A,2026-09-07,0.29
Daffodil,A,2026-09-08,0.29
Daffodil,B,2026-08-09,0.22
Daffodil,B,2026-08-10,0.23
Daffodil,B,2026-08-11,0.22
Daffodil,B,2026-08-12,0.22
Daffodil,B,2026-08-13,0.22
Daffodil,B,2026-08-14,0.22
Daffodil,B,2026-08-15,0.22
Daffodil,B,2026-08-16,0.22
Daffodil,B,2026-08-17,0.22
Daffodil,B,2026-08-18,0.22
Daffodil,B,2026-08-19,0.22
Daffodil,B,2026-08-20,0.23
Daffodil,B,2026-08-21,0.23
Daffodil,B,2026-08-22,0.23
Daffodil,B,2026-08-23,0.24
Daffodil,B,2026-08-24,0.24
Daffodil,B,2026-08-25,0.24
Daffodil,B,2026-08-26,0.24
Daffodil,B,2026-08-27,0.24
Daffodil,B,2026-08-28,0.25
Daffodil,B,2026-08-29,0.25
Daffodil,B,2026-08-30,0.26
Daffodil,B,2026-08-31,0.25
Daffodil,B,2026-09-01,0.25
Daffodil,B,2026-09-02,0.25
Daffodil,B,2026-09-03,0.26
Daffodil,B,2026-09-04,0.26
Daffodil,B,2026-09-05,0.25
Daffodil,B,2026-09-06,0.26
Daffodil,B,2026-09-07,0.26
Daffodil,B,2026-09-08,0.26
Daffodil,C,2026-08-09,0.15
Daffodil,C,2026-08-10,0.15
Daffodil,C,2026-08-11,0.16
Daffodil,C,2026-08-12,0.15
Daffodil,C,2026-08-13,0.15
Daffodil,C,2026-08-14,0.16
Daffodil,C,2026-08-15,0.15
Daffodil,C,2026-08-16,0.15
Daffodil,C,2026-08-17,0.15
Daffodil,C,2026-08-18,0.14
Daffodil,C,2026-08-19,0.14
Daffodil,C,2026-08-20,0.14
Daffodil,C,2026-08-21,0.14
Daffodil,C,2026-08-22,0.14
Daffodil,C,2026-08-23,0.14
Daffodil,C,2026-08-24,0.13
Daffodil,C,2026-08-25,0.14
Daffodil,C,2026-08-26,0.14
Daffodil,C,2026-08-27,0.14
Daffodil,C,2026-08-28,0.15
Daffodil,C,2026-08-29,0.14
Daffodil,C,2026-08-30,0.14
Daffodil,C,2026-08-31,0.15
Daffodil,C,2026-09-01,0.15
Daffodil,C,2026-09-02,0.14
Daffodil,C,2026-09-03,0.15
Daffodil,C,2026-09-04,0.14
Daffodil,C,2026-09-05,0.14
Daffodil,C,2026-09-06,0.13
Daffodil,C,2026-09-07,0.13
Daffodil,C,2026-09-08,0.14
Poppy anemone,A,2026-08-09,0.45
Poppy anemone,A,2026-08-10,0.46
Poppy anemone,A,2026-08-11,0.46
Poppy anemone,A,2026-08-12,0.45
Poppy anemone,A,2026-08-13,0.44
Poppy anemone,A,2026-08-14,0.43
Poppy anemone,A,2026-08-15,0.42
Poppy anemone,A,2026-08-16,0.41
Poppy anemone,A,2026-08-17,0.42
Poppy anemone,A,2026-08-18,0.42
Poppy anemone,A,2026-08-19,0.41
Poppy anemone,A,2026-08-20,0.42
Poppy anemone,A,2026-08-21,0.43
Poppy anemone,A,2026-08-22,0.41
Poppy anemone,A,2026-08-23,0.41
Poppy anemone,A,2026-08-24,0.4
Poppy anemone,A,2026-08-25,0.39
Poppy anemone,A,2026-08-26,0.39
Poppy anemone,A,2026-08-27,0.39
Poppy anemone,A,2026-08-28,0.38
Poppy anemone,A,2026-08-29,0.38
Poppy anemone,A,2026-08-30,0.39
Poppy anemone,A,2026-08-31,0.37
Poppy anemone,A,2026-09-01,0.39
Poppy anemone,A,2026-09-02,0.37
Poppy anemone,A,2026-09-03,0.37
Poppy anemone,A,2026-09-04,0.37
Poppy anemone,A,2026-09-05,0.39
Poppy anemone,A,2026-09-06,0.39
Poppy anemone,A,2026-09-07,0.39
Poppy anemone,A,2026-09-08,0.39
Poppy anemone,B,2026-08-09,0.34
Poppy anemone,B,2026-08-10,0.35
Poppy anemone,B,2026-08-11,0.35
Poppy anemone,B,2026-08-12,0.33
Poppy anemone,B,2026-08-13,0.34
Poppy anemone,B,2026-08-14,0.34
Poppy anemone,B,2026-08-15,0.34
Poppy anemone,B,2026-08-16,0.35
Poppy anemone,B,2026-08-17,0.35
Poppy anemone,B,2026-08-18,0.36
Poppy anemone,B,2026-08-19,0.36
Poppy anemone,B,2026-08-20,0.34
Poppy anemone,B,2026-08-21,0.34
Poppy anemone,B,2026-08-22,0.35
Poppy anemone,B,2026-08-23,0.34
Poppy anemone,B,2026-08-24,0.35
Poppy anemone,B,2026-08-25,0.35
Poppy anemone,B,2026-08-26,0.36
Poppy anemone,B,2026-08-27,0.36
Poppy anemone,B,2026-08-28,0.37
Poppy anemone,B,2026-08-29,0.36
Poppy anemone,B,2026-08-30,0.36
Poppy anemone,B,2026-08-31,0.36
Poppy anemone,B,2026-09-01,0.36
Poppy anemone,B,2026-09-02,0.34
Poppy anemone,B,2026-09-03,0.34
Poppy anemone,B,2026-09-04,0.32
Poppy anemone,B,2026-09-05,0.33
Poppy anemone,B,2026-09-06,0.33
Poppy anemone,B,2026-09-07,0.35
Poppy anemone,B,2026-09-08,0.35
Poppy anemone,C,2026-08-09,0.22
Poppy anemone,C,2026-08-10,0.23
Poppy anemone,C,2026-08-11,0.22
Poppy anemone,C,2026-08-12,0.22
Poppy anemone,C,2026-08-13,0.22
Poppy anemone,C,2026-08-14,0.23
Poppy anemone,C,2026-08-15,0.23
Poppy anemone,C,2026-08-16,0.22
Poppy anemone,C,2026-08-17,0.22
Poppy anemone,C,2026-08-18,0.22
Poppy anemone,C,2026-08-19,0.23
Poppy anemone,C,2026-08-20,0.23
Poppy anemone,C,2026-08-21,0.23
Poppy anemone,C,2026-08-22,0.24
Poppy anemone,C,2026-08-23,0.24
Poppy anemone,C,2026-08-24,0.24
Poppy anemone,C,2026-08-25,0.25
Poppy anemone,C,2026-08-26,0.25
Poppy anemone,C,2026-08-27,0.26
Poppy anemone,C,2026-08-28,0.26
Poppy anemone,C,2026-08-29,0.25
Poppy anemone,C,2026-08-30,0.25
Poppy anemone,C,2026-08-31,0.26
Poppy anemone,C,2026-09-01,0.26
Poppy anemone,C,2026-09-02,0.26
Poppy anemone,C,2026-09-03,0.25
Poppy anemone,C,2026-09-04,0.25
Poppy anemone,C,2026-09-05,0.25
Poppy anemone,C,2026-09-06,0.25
Poppy anemone,C,2026-09-07,0.25
Poppy anemone,C,2026-09-08,0.25
Persian buttercup,A,2026-08-09,0.54
Persian buttercup,A,2026-08-10,0.52
Persian buttercup,A,2026-08-11,0.54
Persian buttercup,A,2026-08-12,0.53
Persian buttercup,A,2026-08-13,0.55
Persian buttercup,A,2026-08-14,0.54
Persian buttercup,A,2026-08-15,0.56
Persian buttercup,A,2026-08-16,0.59
Persian buttercup,A,2026-08-17,0.57
Persian buttercup,A,2026-08-18,0.57
Persian buttercup,A,2026-08-19,0.57
Persian buttercup,A,2026-08-20,0.58
Persian buttercup,A,2026-08-21,0.59
Persian buttercup,A,2026-08-22,0.61
Persian buttercup,A,2026-08-23,0.59
Persian buttercup,A,2026-08-24,0.6
Persian buttercup,A,2026-08-25,0.61
Persian buttercup,A,2026-08-26,0.59
Persian buttercup,A,2026-08-27,0.57
Persian buttercup,A,2026-08-28,0.58
Persian buttercup,A,2026-08-29,0.57
Persian buttercup,A,2026-08-30,0.57
Persian buttercup,A,2026-08-31,0.57
Persian buttercup,A,2026-09-01,0.58
Persian buttercup,A,2026-09-02,0.58
Persian buttercup,A,2026-09-03,0.6
Persian buttercup,A,2026-09-04,0.6
Persian buttercup,A,2026-09-05,0.61
Persian buttercup,A,2026-09-06,0.61
Persian buttercup,A,2026-09-07,0.62
Persian buttercup,A,2026-09-08,0.61
Persian buttercup,B,2026-08-09,0.42
Persian buttercup,B,2026-08-10,0.41
Persian buttercup,B,2026-08-11,0.4
Persian buttercup,B,2026-08-12,0.4
Persian buttercup,B,2026-08-13,0.4
Persian buttercup,B,2026-08-14,0.4
Persian buttercup,B,2026-08-15,0.4
Persian buttercup,B,2026-08-16,0.39
Persian buttercup,B,2026-08-17,0.39
Persian buttercup,B,2026-08-18,0.39
Persian buttercup,B,2026-08-19,0.4
Persian buttercup,B,2026-08-20,0.39
Persian buttercup,B,2026-08-21,0.41
Persian buttercup,B,2026-08-22,0.41
Persian buttercup,B,2026-08-23,0.39
Persian buttercup,B,2026-08-24,0.41
Persian buttercup,B,2026-08-25,0.4
Persian buttercup,B,2026-08-26,0.42
Persian buttercup,B,2026-08-27,0.41
Persian buttercup,B,2026-08-28,0.4
Persian buttercup,B,2026-08-29,0.41
Persian buttercup,B,2026-08-30,0.42
Persian buttercup,B,2026-08-31,0.41
Persian buttercup,B,2026-09-01,0.41
Persian buttercup,B,2026-09-02,0.39
Persian buttercup,B,2026-09-03,0.39
Persian buttercup,B,2026-09-04,0.41
Persian buttercup,B,2026-09-05,0.42
Persian buttercup,B,2026-09-06,0.43
Persian buttercup,B,2026-09-07,0.44
Persian buttercup,B,2026-09-08,0.44
Persian buttercup,C,2026-08-09,0.28
Persian buttercup,C,2026-08-10,0.28
Persian buttercup,C,2026-08-11,0.27
Persian buttercup,C,2026-08-12,0.27
Persian buttercup,C,2026-08-13,0.26
Persian buttercup,C,2026-08-14,0.26
Persian buttercup,C,2026-08-15,0.25
Persian buttercup,C,2026-08-16,0.26
Persian buttercup,C,2026-08-17,0.25
Persian buttercup,C,2026-08-18,0.26
Persian buttercup,C,2026-08-19,0.26
Persian buttercup,C,2026-08-20,0.26
Persian buttercup,C,2026-08-21,0.25
Persian buttercup,C,2026-08-22,0.25
Persian buttercup,C,2026-08-23,0.26
Persian buttercup,C,2026-08-24,0.26
Persian buttercup,C,2026-08-25,0.27
Persian buttercup,C,2026-08-26,0.27
Persian buttercup,C,2026-08-27,0.28
Persian buttercup,C,2026-08-28,0.27
Persian buttercup,C,2026-08-29,0.28
Persian buttercup,C,2026-08-30,0.28
Persian buttercup,C,2026-08-31,0.28
Persian buttercup,C,2026-09-01,0.28
Persian buttercup,C,2026-09-02,0.28
Persian buttercup,C,2026-09-03,0.29
Persian buttercup,C,2026-09-04,0.3
Persian buttercup,C,2026-09-05,0.3
Persian buttercup,C,2026-09-06,0.29
Persian buttercup,C,2026-09-07,0.3
Persian buttercup,C,2026-09-08,0.3
Peruvian lily,A,2026-08-09,0.36
Peruvian lily,A,2026-08-10,0.35
Peruvian lily,A,2026-08-11,0.34
Peruvian lily,A,2026-08-12,0.33
Peruvian lily,A,2026-08-13,0.32
Peruvian lily,A,2026-08-14,0.32
Peruvian lily,A,2026-08-15,0.32
Peruvian lily,A,2026-08-16,0.32
Peruvian lily,A,2026-08-17,0.33
Peruvian lily,A,2026-08-18,0.34
Peruvian lily,A,2026-08-19,0.35
Peruvian lily,A,2026-08-20,0.34
Peruvian lily,A,2026-08-21,0.34
Peruvian lily,A,2026-08-22,0.35
Peruvian lily,A,2026-08-23,0.34
Peruvian lily,A,2026-08-24,0.33
Peruvian lily,A,2026-08-25,0.33
Peruvian lily,A,2026-08-26,0.33
Peruvian lily,A,2026-08-27,0.32
Peruvian lily,A,2026-08-28,0.33
Peruvian lily,A,2026-08-29,0.32
Peruvian lily,A,2026-08-30,0.33
Peruvian lily,A,2026-08-31,0.33
Peruvian lily,A,2026-09-01,0.34
Peruvian lily,A,2026-09-02,0.35
Peruvian lily,A,2026-09-03,0.35
Peruvian lily,A,2026-09-04,0.36
Peruvian lily,A,2026-09-05,0.34
Peruvian lily,A,2026-09-06,0.33
Peruvian lily,A,2026-09-07,0.34
Peruvian lily,A,2026-09-08,0.34
Peruvian lily,B,2026-08-09,0.27
Peruvian lily,B,2026-08-10,0.27
Peruvian lily,B,2026-08-11,0.27
Peruvian lily,B,2026-08-12,0.27
Peruvian lily,B,2026-08-13,0.27
Peruvian lily,B,2026-08-14,0.28
Peruvian lily,B,2026-08-15,0.27
Peruvian lily,B,2026-08-16,0.28
Peruvian lily,B,2026-08-17,0.28
Peruvian lily,B,2026-08-18,0.29
Peruvian lily,B,2026-08-19,0.29
Peruvian lily,B,2026-08-20,0.29
Peruvian lily,B,2026-08-21,0.28
Peruvian lily,B,2026-08-22,0.27
Peruvian lily,B,2026-08-23,0.27
Peruvian lily,B,2026-08-24,0.27
Peruvian lily,B,2026-08-25,0.26
Peruvian lily,B,2026-08-26,0.26
Peruvian lily,B,2026-08-27,0.26
Peruvian lily,B,2026-08-28,0.26
Peruvian lily,B,2026-08-29,0.27
Peruvian lily,B,2026-08-30,0.27
Peruvian lily,B,2026-08-31,0.28
Peruvian lily,B,2026-09-01,0.28
Peruvian lily,B,2026-09-02,0.27
Peruvian lily,B,2026-09-03,0.27
Peruvian lily,B,2026-09-04,0.27
Peruvian lily,B,2026-09-05,0.27
Peruvian lily,B,2026-09-06,0.27
Peruvian lily,B,2026-09-07,0.26
Peruvian lily,B,2026-09-08,0.25
Peruvian lily,C,2026-08-09,0.17
Peruvian lily,C,2026-08-10,0.17
Peruvian lily,C,2026-08-11,0.17
Peruvian lily,C,2026-08-12,0.17
Peruvian lily,C,2026-08-13,0.17
Peruvian lily,C,2026-08-14,0.17
Peruvian lily,C,2026-08-15,0.17
Peruvian lily,C,2026-08-16,0.17
Peruvian lily,C,2026-08-17,0.16
Peruvian lily,C,2026-08-18,0.17
Peruvian lily,C,2026-08-19,0.17
Peruvian lily,C,2026-08-20,0.17
Peruvian lily,C,2026-08-21,0.17
Peruvian lily,C,2026-08-22,0.17
Peruvian lily,C,2026-08-23,0.16
Peruvian lily,C,2026-08-24,0.17
Peruvian lily,C,2026-08-25,0.17
Peruvian lily,C,2026-08-26,0.17
Peruvian lily,C,2026-08-27,0.17
Peruvian lily,C,2026-08-28,0.17
Peruvian lily,C,2026-08-29,0.16
Peruvian lily,C,2026-08-30,0.16
Peruvian lily,C,2026-08-31,0.16
Peruvian lily,C,2026-09-01,0.17
Peruvian lily,C,2026-09-02,0.17
Peruvian lily,C,2026-09-03,0.17
Peruvian lily,C,2026-09-04,0.17
Peruvian lily,C,2026-09-05,0.17
Peruvian lily,C,2026-09-06,0.18
Peruvian lily,C,2026-09-07,0.18
Peruvian lily,C,2026-09-08,0.18
Snapdragon,A,2026-08-09,0.4
Snapdragon,A,2026-08-10,0.39
Snapdragon,A,2026-08-11,0.39
Snapdragon,A,2026-08-12,0.39
Snapdragon,A,2026-08-13,0.39
Snapdragon,A,2026-08-14,0.37
Snapdragon,A,2026-08-15,0.37
Snapdragon,A,2026-08-16,0.38
Snapdragon,A,2026-08-17,0.37
Snapdragon,A,2026-08-18,0.39
Snapdragon,A,2026-08-19,0.4
Snapdragon,A,2026-08-20,0.38
Snapdragon,A,2026-08-21,0.4
Snapdragon,A,2026-08-22,0.39
Snapdragon,A,2026-08-23,0.4
Snapdragon,A,2026-08-24,0.4
Snapdragon,A,2026-08-25,0.41
Snapdragon,A,2026-08-26,0.42
Snapdragon,A,2026-08-27,0.41
Snapdragon,A,2026-08-28,0.41
Snapdragon,A,2026-08-29,0.41
Snapdragon,A,2026-08-30,0.4
Snapdragon,A,2026-08-31,0.38
Snapdragon,A,2026-09-01,0.38
Snapdragon,A,2026-09-02,0.38
Snapdragon,A,2026-09-03,0.38
Snapdragon,A,2026-09-04,0.38
Snapdragon,A,2026-09-05,0.38
Snapdragon,A,2026-09-06,0.38
Snapdragon,A,2026-09-07,0.38
Snapdragon,A,2026-09-08,0.37
Snapdragon,B,2026-08-09,0.31
Snapdragon,B,2026-08-10,0.32
Snapdragon,B,2026-08-11,0.31
Snapdragon,B,2026-08-12,0.31
Snapdragon,B,2026-08-13,0.32
Snapdragon,B,2026-08-14,0.32
Snapdragon,B,2026-08-15,0.32
Snapdragon,B,2026-08-16,0.32
Snapdragon,B,2026-08-17,0.33
Snapdragon,B,2026-08-18,0.32
Snapdragon,B,2026-08-19,0.33
Snapdragon,B,2026-08-20,0.34
Snapdragon,B,2026-08-21,0.34
Snapdragon,B,2026-08-22,0.35
Snapdragon,B,2026-08-23,0.36
Snapdragon,B,2026-08-24,0.36
Snapdragon,B,2026-08-25,0.35
Snapdragon,B,2026-08-26,0.35
Snapdragon,B,2026-08-27,0.36
Snapdragon,B,2026-08-28,0.37
Snapdragon,B,2026-08-29,0.38
Snapdragon,B,2026-08-30,0.38
Snapdragon,B,2026-08-31,0.39
Snapdragon,B,2026-09-01,0.39
Snapdragon,B,2026-09-02,0.38
Snapdragon,B,2026-09-03,0.38
Snapdragon,B,2026-09-04,0.39
Snapdragon,B,2026-09-05,0.4
Snapdragon,B,2026-09-06,0.38
Snapdragon,B,2026-09-07,0.39
Snapdragon,B,2026-09-08,0.38
Snapdragon,C,2026-08-09,0.21
Snapdragon,C,2026-08-10,0.2
Snapdragon,C,2026-08-11,0.19
Snapdragon,C,2026-08-12,0.19
Snapdragon,C,2026-08-13,0.18
Snapdragon,C,2026-08-14,0.19
Snapdragon,C,2026-08-15,0.19
Snapdragon,C,2026-08-16,0.19
Snapdragon,C,2026-08-17,0.2
Snapdragon,C,2026-08-18,0.2
Snapdragon,C,2026-08-19,0.21
Snapdragon,C,2026-08-20,0.2
Snapdragon,C,2026-08-21,0.19
Snapdragon,C,2026-08-22,0.19
Snapdragon,C,2026-08-23,0.19
Snapdragon,C,2026-08-24,0.19
Snapdragon,C,2026-08-25,0.19
Snapdragon,C,2026-08-26,0.19
Snapdragon,C,2026-08-27,0.18
Snapdragon,C,2026-08-28,0.19
Snapdragon,C,2026-08-29,0.19
Snapdragon,C,2026-08-30,0.18
Snapdragon,C,2026-08-31,0.19
Snapdragon,C,2026-09-01,0.19
Snapdragon,C,2026-09-02,0.19
Snapdragon,C,2026-09-03,0.2
Snapdragon,C,2026-09-04,0.2
Snapdragon,C,2026-09-05,0.19
Snapdragon,C,2026-09-06,0.19
Snapdragon,C,2026-09-07,0.19
Snapdragon,C,2026-09-08,0.18
Dahlia,A,2026-08-09,0.67
Dahlia,A,2026-08-10,0.66
Dahlia,A,2026-08-11,0.65
Dahlia,A,2026-08-12,0.64
Dahlia,A,2026-08-13,0.65
Dahlia,A,2026-08-14,0.64
Dahlia,A,2026-08-15,0.63
Dahlia,A,2026-08-16,0.65
Dahlia,A,2026-08-17,0.67
Dahlia,A,2026-08-18,0.66
Dahlia,A,2026-08-19,0.64
Dahlia,A,2026-08-20,0.64
Dahlia,A,2026-08-21,0.64
Dahlia,A,2026-08-22,0.66
Dahlia,A,2026-08-23,0.68
Dahlia,A,2026-08-24,0.7
Dahlia,A,2026-08-25,0.72
Dahlia,A,2026-08-26,0.71
Dahlia,A,2026-08-27,0.7
Dahlia,A,2026-08-28,0.71
Dahlia,A,2026-08-29,0.7
Dahlia,A,2026-08-30,0.7
Dahlia,A,2026-08-31,0.68
Dahlia,A,2026-09-01,0.68
Dahlia,A,2026-09-02,0.67
Dahlia,A,2026-09-03,0.67
Dahlia,A,2026-09-04,0.69
Dahlia,A,2026-09-05,0.7
Dahlia,A,2026-09-06,0.68
Dahlia,A,2026-09-07,0.69
Dahlia,A,2026-09-08,0.69
Dahlia,B,2026-08-09,0.48
Dahlia,B,2026-08-10,0.48
Dahlia,B,2026-08-11,0.49
Dahlia,B,2026-08-12,0.49
Dahlia,B,2026-08-13,0.47
Dahlia,B,2026-08-14,0.47
Dahlia,B,2026-08-15,0.48
Dahlia,B,2026-08-16,0.46
Dahlia,B,2026-08-17,0.47
Dahlia,B,2026-08-18,0.45
Dahlia,B,2026-08-19,0.46
Dahlia,B,2026-08-20,0.47
Dahlia,B,2026-08-21,0.47
Dahlia,B,2026-08-22,0.48
Dahlia,B,2026-08-23,0.5
Dahlia,B,2026-08-24,0.5
Dahlia,B,2026-08-25,0.49
Dahlia,B,2026-08-26,0.5
Dahlia,B,2026-08-27,0.5
Dahlia,B,2026-08-28,0.5
Dahlia,B,2026-08-29,0.52
Dahlia,B,2026-08-30,0.5
Dahlia,B,2026-08-31,0.5
Dahlia,B,2026-09-01,0.51
Dahlia,B,2026-09-02,0.52
Dahlia,B,2026-09-03,0.53
Dahlia,B,2026-09-04,0.55
Dahlia,B,2026-09-05,0.54
Dahlia,B,2026-09-06,0.55
Dahlia,B,2026-09-07,0.54
Dahlia,B,2026-09-08,0.56
Dahlia,C,2026-08-09,0.34
Dahlia,C,2026-08-10,0.34
Dahlia,C,2026-08-11,0.34
Dahlia,C,2026-08-12,0.35
Dahlia,C,2026-08-13,0.36
Dahlia,C,2026-08-14,0.37
Dahlia,C,2026-08-15,0.38
Dahlia,C,2026-08-16,0.37
Dahlia,C,2026-08-17,0.37
Dahlia,C,2026-08-18,0.36
Dahlia,C,2026-08-19,0.37
Dahlia,C,2026-08-20,0.37
Dahlia,C,2026-08-21,0.38
Dahlia,C,2026-08-22,0.38
Dahlia,C,2026-08-23,0.38
Dahlia,C,2026-08-24,0.39
Dahlia,C,2026-08-25,0.41
Dahlia,C,2026-08-26,0.4
Dahlia,C,2026-08-27,0.39
Dahlia,C,2026-08-28,0.38
Dahlia,C,2026-08-29,0.37
Dahlia,C,2026-08-30,0.37
Dahlia,C,2026-08-31,0.36
Dahlia,C,2026-09-01,0.35
Dahlia,C,2026-09-02,0.36
Dahlia,C,2026-09-03,0.37
Dahlia,C,2026-09-04,0.37
Dahlia,C,2026-09-05,0.38
Dahlia,C,2026-09-06,0.37
Dahlia,C,2026-09-07,0.38
Dahlia,C,2026-09-08,0.39
Lisianthus,A,2026-08-09,0.62
Lisianthus,A,2026-08-10,0.62
Lisianthus,A,2026-08-11,0.6
Lisianthus,A,2026-08-12,0.6
Lisianthus,A,2026-08-13,0.59
Lisianthus,A,2026-08-14,0.57
Lisianthus,A,2026-08-15,0.56
Lisianthus,A,2026-08-16,0.55
Lisianthus,A,2026-08-17,0.54
Lisianthus,A,2026-08-18,0.53
Lisianthus,A,2026-08-19,0.54
Lisianthus,A,2026-08-20,0.56
Lisianthus,A,2026-08-21,0.55
Lisianthus,A,2026-08-22,0.56
Lisianthus,A,2026-08-23,0.54
Lisianthus,A,2026-08-24,0.55
Lisianthus,A,2026-08-25,0.55
Lisianthus,A,2026-08-26,0.54
Lisianthus,A,2026-08-27,0.52
Lisianthus,A,2026-08-28,0.51
Lisianthus,A,2026-08-29,0.51
Lisianthus,A,2026-08-30,0.51
Lisianthus,A,2026-08-31,0.52
Lisianthus,A,2026-09-01,0.53
Lisianthus,A,2026-09-02,0.52
Lisianthus,A,2026-09-03,0.51
Lisianthus,A,2026-09-04,0.52
Lisianthus,A,2026-09-05,0.52
Lisianthus,A,2026-09-06,0.52
Lisianthus,A,2026-09-07,0.51
Lisianthus,A,2026-09-08,0.49
Lisianthus,B,2026-08-09,0.44
Lisianthus,B,2026-08-10,0.45
Lisianthus,B,2026-08-11,0.45
Lisianthus,B,2026-08-12,0.45
Lisianthus,B,2026-08-13,0.45
Lisianthus,B,2026-08-14,0.45
Lisianthus,B,2026-08-15,0.45
Lisianthus,B,2026-08-16,0.45
Lisianthus,B,2026-08-17,0.44
Lisianthus,B,2026-08-18,0.44
Lisianthus,B,2026-08-19,0.44
Lisianthus,B,2026-08-20,0.46
Lisianthus,B,2026-08-21,0.44
Lisianthus,B,2026-08-22,0.44
Lisianthus,B,2026-08-23,0.45
Lisianthus,B,2026-08-24,0.43
Lisianthus,B,2026-08-25,0.43
Lisianthus,B,2026-08-26,0.42
Lisianthus,B,2026-08-27,0.42
Lisianthus,B,2026-08-28,0.42
Lisianthus,B,2026-08-29,0.42
Lisianthus,B,2026-08-30,0.41
Lisianthus,B,2026-08-31,0.41
Lisianthus,B,2026-09-01,0.41
Lisianthus,B,2026-09-02,0.39
Lisianthus,B,2026-09-03,0.39
Lisianthus,B,2026-09-04,0.39
Lisianthus,B,2026-09-05,0.38
Lisianthus,B,2026-09-06,0.38
Lisianthus,B,2026-09-07,0.38
Lisianthus,B,2026-09-08,0.38
Lisianthus,C,2026-08-09,0.3
Lisianthus,C,2026-08-10,0.3
Lisianthus,C,2026-08-11,0.29
Lisianthus,C,2026-08-12,0.29
Lisianthus,C,2026-08-13,0.29
Lisianthus,C,2026-08-14,0.3
Lisianthus,C,2026-08-15,0.3
Lisianthus,C,2026-08-16,0.31
Lisianthus,C,2026-08-17,0.31
Lisianthus,C,2026-08-18,0.31
Lisianthus,C,2026-08-19,0.3
Lisianthus,C,2026-08-20,0.3
Lisianthus,C,2026-08-21,0.29
Lisianthus,C,2026-08-22,0.3
Lisianthus,C,2026-08-23,0.31
Lisianthus,C,2026-08-24,0.3
Lisianthus,C,2026-08-25,0.31
Lisianthus,C,2026-08-26,0.3
Lisianthus,C,2026-08-27,0.3
Lisianthus,C,2026-08-28,0.3
Lisianthus,C,2026-08-29,0.31
Lisianthus,C,2026-08-30,0.32
Lisianthus,C,2026-08-31,0.32
Lisianthus,C,2026-09-01,0.32
Lisianthus,C,2026-09-02,0.33
Lisianthus,C,2026-09-03,0.33
Lisianthus,C,2026-09-04,0.34
Lisianthus,C,2026-09-05,0.35
Lisianthus,C,2026-09-06,0.35
Lisianthus,C,2026-09-07,0.35
Lisianthus,C,2026-09-08,0.36
Marigold,A,2026-08-09,0.25
Marigold,A,2026-08-10,0.25
Marigold,A,2026-08-11,0.25
Marigold,A,2026-08-12,0.24
Marigold,A,2026-08-13,0.25
Marigold,A,2026-08-14,0.25
Marigold,A,2026-08-15,0.25
Marigold,A,2026-08-16,0.24
Marigold,A,2026-08-17,0.23
Marigold,A,2026-08-18,0.23
Marigold,A,2026-08-19,0.22
Marigold,A,2026-08-20,0.23
Marigold,A,2026-08-21,0.23
Marigold,A,2026-08-22,0.23
Marigold,A,2026-08-23,0.23
Marigold,A,2026-08-24,0.23
Marigold,A,2026-08-25,0.23
Marigold,A,2026-08-26,0.22
Marigold,A,2026-08-27,0.23
Marigold,A,2026-08-28,0.23
Marigold,A,2026-08-29,0.23
Marigold,A,2026-08-30,0.23
Marigold,A,2026-08-31,0.23
Marigold,A,2026-09-01,0.23
Marigold,A,2026-09-02,0.24
Marigold,A,2026-09-03,0.23
Marigold,A,2026-09-04,0.23
Marigold,A,2026-09-05,0.22
Marigold,A,2026-09-06,0.21
Marigold,A,2026-09-07,0.21
Marigold,A,2026-09-08,0.22
Marigold,B,2026-08-09,0.18
Marigold,B,2026-08-10,0.18
Marigold,B,2026-08-11,0.18
Marigold,B,2026-08-12,0.18
Marigold,B,2026-08-13,0.17
Marigold,B,2026-08-14,0.18
Marigold,B,2026-08-15,0.17
Marigold,B,2026-08-16,0.17
Marigold,B,2026-08-17,0.17
Marigold,B,2026-08-18,0.17
Marigold,B,2026-08-19,0.18
Marigold,B,2026-08-20,0.18
Marigold,B,2026-08-21,0.18
Marigold,B,2026-08-22,0.18
Marigold,B,2026-08-23,0.18
Marigold,B,2026-08-24,0.17
Marigold,B,2026-08-25,0.17
Marigold,B,2026-08-26,0.17
Marigold,B,2026-08-27,0.17
Marigold,B,2026-08-28,0.16
Marigold,B,2026-08-29,0.16
Marigold,B,2026-08-30,0.16
Marigold,B,2026-08-31,0.17
Marigold,B,2026-09-01,0.18
Marigold,B,2026-09-02,0.18
Marigold,B,2026-09-03,0.18
Marigold,B,2026-09-04,0.18
Marigold,B,2026-09-05,0.18
Marigold,B,2026-09-06,0.19
Marigold,B,2026-09-07,0.19
Marigold,B,2026-09-08,0.2
Marigold,C,2026-08-09,0.12
Marigold,C,2026-08-10,0.12
Marigold,C,2026-08-11,0.12
Marigold,C,2026-08-12,0.12
Marigold,C,2026-08-13,0.12
Marigold,C,2026-08-14,0.12
Marigold,C,2026-08-15,0.12
Marigold,C,2026-08-16,0.12
Marigold,C,2026-08-17,0.12
Marigold,C,2026-08-18,0.13
Marigold,C,2026-08-19,0.13
Marigold,C,2026-08-20,0.13
Marigold,C,2026-08-21,0.14
Marigold,C,2026-08-22,0.14
Marigold,C,2026-08-23,0.13
Marigold,C,2026-08-24,0.13
Marigold,C,2026-08-25,0.13
Marigold,C,2026-08-26,0.13
Marigold,C,2026-08-27,0.13
Marigold,C,2026-08-28,0.14
Marigold,C,2026-08-29,0.13
Marigold,C,2026-08-30,0.13
Marigold,C,2026-08-31,0.13
Marigold,C,2026-09-01,0.13
Marigold,C,2026-09-02,0.13
Marigold,C,2026-09-03,0.13
Marigold,C,2026-09-04,0.14
Marigold,C,2026-09-05,0.13
Marigold,C,2026-09-06,0.13
Marigold,C,2026-09-07,0.14
Marigold,C,2026-09-08,0.14
Zinnia,A,2026-08-09,0.3
Zinnia,A,2026-08-10,0.31
Zinnia,A,2026-08-11,0.3
Zinnia,A,2026-08-12,0.32
Zinnia,A,2026-08-13,0.3
Zinnia,A,2026-08-14,0.31
Zinnia,A,2026-08-15,0.33
Zinnia,A,2026-08-16,0.32
Zinnia,A,2026-08-17,0.33
Zinnia,A,2026-08-18,0.33
Zinnia,A,2026-08-19,0.32
Zinnia,A,2026-08-20,0.32
Zinnia,A,2026-08-21,0.32
Zinnia,A,2026-08-22,0.33
Zinnia,A,2026-08-23,0.33
Zinnia,A,2026-08-24,0.33
Zinnia,A,2026-08-25,0.33
Zinnia,A,2026-08-26,0.33
Zinnia,A,2026-08-27,0.33
Zinnia,A,2026-08-28,0.32
Zinnia,A,2026-08-29,0.32
Zinnia,A,2026-08-30,0.32
Zinnia,A,2026-08-31,0.31
Zinnia,A,2026-09-01,0.32
Zinnia,A,2026-09-02,0.32
Zinnia,A,2026-09-03,0.33
Zinnia,A,2026-09-04,0.34
Zinnia,A,2026-09-05,0.34
Zinnia,A,2026-09-06,0.34
Zinnia,A,2026-09-07,0.34
Zinnia,A,2026-09-08,0.33
Zinnia,B,2026-08-09,0.22
Zinnia,B,2026-08-10,0.21
Zinnia,B,2026-08-11,0.22
Zinnia,B,2026-08-12,0.22
Zinnia,B,2026-08-13,0.22
Zinnia,B,2026-08-14,0.22
Zinnia,B,2026-08-15,0.21
Zinnia,B,2026-08-16,0.21
Zinnia,B,2026-08-17,0.22
Zinnia,B,2026-08-18,0.22
Zinnia,B,2026-08-19,0.22
Zinnia,B,2026-08-20,0.22
Zinnia,B,2026-08-21,0.22
Zinnia,B,2026-08-22,0.22
Zinnia,B,2026-08-23,0.23
Zinnia,B,2026-08-24,0.23
Zinnia,B,2026-08-25,0.23
Zinnia,B,2026-08-26,0.23
Zinnia,B,2026-08-27,0.23
Zinnia,B,2026-08-28,0.23
Zinnia,B,2026-08-29,0.23
Zinnia,B,2026-08-30,0.23
Zinnia,B,2026-08-31,0.24
Zinnia,B,2026-09-01,0.24
Zinnia,B,2026-09-02,0.24
Zinnia,B,2026-09-03,0.23
Zinnia,B,2026-09-04,0.23
Zinnia,B,2026-09-05,0.23
Zinnia,B,2026-09-06,0.24
Zinnia,B,2026-09-07,0.24
Zinnia,B,2026-09-08,0.25
Zinnia,C,2026-08-09,0.15
Zinnia,C,2026-08-10,0.15
Zinnia,C,2026-08-11,0.15
Zinnia,C,2026-08-12,0.15
Zinnia,C,2026-08-13,0.15
Zinnia,C,2026-08-14,0.15
Zinnia,C,2026-08-15,0.14
Zinnia,C,2026-08-16,0.15
Zinnia,C,2026-08-17,0.15
Zinnia,C,2026-08-18,0.15
Zinnia,C,2026-08-19,0.15
Zinnia,C,2026-08-20,0.15
Zinnia,C,2026-08-21,0.14
Zinnia,C,2026-08-22,0.14
Zinnia,C,2026-08-23,0.14
Zinnia,C,2026-08-24,0.14
Zinnia,C,2026-08-25,0.14
Zinnia,C,2026-08-26,0.14
Zinnia,C,2026-08-27,0.14
Zinnia,C,2026-08-28,0.14
Zinnia,C,2026-08-29,0.14
Zinnia,C,2026-08-30,0.14
Zinnia,C,2026-08-31,0.15
Zinnia,C,2026-09-01,0.14
Zinnia,C,2026-09-02,0.14
Zinnia,C,2026-09-03,0.14
Zinnia,C,2026-09-04,0.13
Zinnia,C,2026-09-05,0.13
Zinnia,C,2026-09-06,0.14
Zinnia,C,2026-09-07,0.13
Zinnia,C,2026-09-08,0.13
Hyacinth,A,2026-08-09,0.45
Hyacinth,A,2026-08-10,0.44
Hyacinth,A,2026-08-11,0.44
Hyacinth,A,2026-08-12,0.46
Hyacinth,A,2026-08-13,0.45
Hyacinth,A,2026-08-14,0.46
Hyacinth,A,2026-08-15,0.47
Hyacinth,A,2026-08-16,0.48
Hyacinth,A,2026-08-17,0.49
Hyacinth,A,2026-08-18,0.5
Hyacinth,A,2026-08-19,0.48
Hyacinth,A,2026-08-20,0.48
Hyacinth,A,2026-08-21,0.48
Hyacinth,A,2026-08-22,0.46
Hyacinth,A,2026-08-23,0.45
Hyacinth,A,2026-08-24,0.43
Hyacinth,A,2026-08-25,0.43
Hyacinth,A,2026-08-26,0.43
Hyacinth,A,2026-08-27,0.44
Hyacinth,A,2026-08-28,0.44
Hyacinth,A,2026-08-29,0.46
Hyacinth,A,2026-08-30,0.44
Hyacinth,A,2026-08-31,0.44
Hyacinth,A,2026-09-01,0.43
Hyacinth,A,2026-09-02,0.42
Hyacinth,A,2026-09-03,0.43
Hyacinth,A,2026-09-04,0.44
Hyacinth,A,2026-09-05,0.44
Hyacinth,A,2026-09-06,0.43
Hyacinth,A,2026-09-07,0.41
Hyacinth,A,2026-09-08,0.43
Hyacinth,B,2026-08-09,0.35
Hyacinth,B,2026-08-10,0.35
Hyacinth,B,2026-08-11,0.34
Hyacinth,B,2026-08-12,0.35
Hyacinth,B,2026-08-13,0.34
Hyacinth,B,2026-08-14,0.36
Hyacinth,B,2026-08-15,0.36
Hyacinth,B,2026-08-16,0.37
Hyacinth,B,2026-08-17,0.37
Hyacinth,B,2026-08-18,0.37
Hyacinth,B,2026-08-19,0.36
Hyacinth,B,2026-08-20,0.35
Hyacinth,B,2026-08-21,0.34
Hyacinth,B,2026-08-22,0.35
Hyacinth,B,2026-08-23,0.35
Hyacinth,B,2026-08-24,0.36
Hyacinth,B,2026-08-25,0.35
Hyacinth,B,2026-08-26,0.36
Hyacinth,B,2026-08-27,0.35
Hyacinth,B,2026-08-28,0.36
Hyacinth,B,2026-08-29,0.37
Hyacinth,B,2026-08-30,0.37
Hyacinth,B,2026-08-31,0.38
Hyacinth,B,2026-09-01,0.37
Hyacinth,B,2026-09-02,0.37
Hyacinth,B,2026-09-03,0.38
Hyacinth,B,2026-09-04,0.37
Hyacinth,B,2026-09-05,0.38
Hyacinth,B,2026-09-06,0.39
Hyacinth,B,2026-09-07,0.39
Hyacinth,B,2026-09-08,0.4
Hyacinth,C,2026-08-09,0.22
Hyacinth,C,2026-08-10,0.21
Hyacinth,C,2026-08-11,0.22
Hyacinth,C,2026-08-12,0.22
Hyacinth,C,2026-08-13,0.22
Hyacinth,C,2026-08-14,0.23
Hyacinth,C,2026-08-15,0.22
Hyacinth,C,2026-08-16,0.23
Hyacinth,C,2026-08-17,0.23
Hyacinth,C,2026-08-18,0.22
Hyacinth,C,2026-08-19,0.23
Hyacinth,C,2026-08-20,0.23
Hyacinth,C,2026-08-21,0.23
Hyacinth,C,2026-08-22,0.23
Hyacinth,C,2026-08-23,0.22
Hyacinth,C,2026-08-24,0.22
Hyacinth,C,2026-08-25,0.23
Hyacinth,C,2026-08-26,0.23
Hyacinth,C,2026-08-27,0.23
Hyacinth,C,2026-08-28,0.22
Hyacinth,C,2026-08-29,0.21
Hyacinth,C,2026-08-30,0.21
Hyacinth,C,2026-08-31,0.21
Hyacinth,C,2026-09-01,0.2
Hyacinth,C,2026-09-02,0.2
Hyacinth,C,2026-09-03,0.19
Hyacinth,C,2026-09-04,0.19
Hyacinth,C,2026-09-05,0.19
Hyacinth,C,2026-09-06,0.19
Hyacinth,C,2026-09-07,0.18
Hyacinth,C,2026-09-08,0.18
Amaryllis,A,2026-08-09,1.35
Amaryllis,A,2026-08-10,1.37
Amaryllis,A,2026-08-11,1.35
Amaryllis,A,2026-08-12,1.33
Amaryllis,A,2026-08-13,1.31
Amaryllis,A,2026-08-14,1.3
Amaryllis,A,2026-08-15,1.26
Amaryllis,A,2026-08-16,1.3
Amaryllis,A,2026-08-17,1.34
Amaryllis,A,2026-08-18,1.39
Amaryllis,A,2026-08-19,1.4
Amaryllis,A,2026-08-20,1.36
Amaryllis,A,2026-08-21,1.35
Amaryllis,A,2026-08-22,1.31
Amaryllis,A,2026-08-23,1.29
Amaryllis,A,2026-08-24,1.29
Amaryllis,A,2026-08-25,1.24
Amaryllis,A,2026-08-26,1.24
Amaryllis,A,2026-08-27,1.23
Amaryllis,A,2026-08-28,1.23
Amaryllis,A,2026-08-29,1.19
Amaryllis,A,2026-08-30,1.16
Amaryllis,A,2026-08-31,1.14
Amaryllis,A,2026-09-01,1.15
Amaryllis,A,2026-09-02,1.16
Amaryllis,A,2026-09-03,1.13
Amaryllis,A,2026-09-04,1.09
Amaryllis,A,2026-09-05,1.08
Amaryllis,A,2026-09-06,1.12
Amaryllis,A,2026-09-07,1.1
Amaryllis,A,2026-09-08,1.11
Amaryllis,B,2026-08-09,1.08
Amaryllis,B,2026-08-10,1.06
Amaryllis,B,2026-08-11,1.05
Amaryllis,B,2026-08-12,1.07
Amaryllis,B,2026-08-13,1.1
Amaryllis,B,2026-08-14,1.15
Amaryllis,B,2026-08-15,1.11
Amaryllis,B,2026-08-16,1.1
Amaryllis,B,2026-08-17,1.14
Amaryllis,B,2026-08-18,1.11
Amaryllis,B,2026-08-19,1.09
Amaryllis,B,2026-08-20,1.13
Amaryllis,B,2026-08-21,1.18
Amaryllis,B,2026-08-22,1.16
Amaryllis,B,2026-08-23,1.17
Amaryllis,B,2026-08-24,1.17
Amaryllis,B,2026-08-25,1.18
Amaryllis,B,2026-08-26,1.16
Amaryllis,B,2026-08-27,1.14
Amaryllis,B,2026-08-28,1.17
Amaryllis,B,2026-08-29,1.16
Amaryllis,B,2026-08-30,1.13
Amaryllis,B,2026-08-31,1.13
Amaryllis,B,2026-09-01,1.14
Amaryllis,B,2026-09-02,1.15
Amaryllis,B,2026-09-03,1.16
Amaryllis,B,2026-09-04,1.17
Amaryllis,B,2026-09-05,1.21
Amaryllis,B,2026-09-06,1.21
Amaryllis,B,2026-09-07,1.23
Amaryllis,B,2026-09-08,1.22
Amaryllis,C,2026-08-09,0.69
Amaryllis,C,2026-08-10,0.7
Amaryllis,C,2026-08-11,0.72
Amaryllis,C,2026-08-12,0.73
Amaryllis,C,2026-08-13,0.73
Amaryllis,C,2026-08-14,0.73
Amaryllis,C,2026-08-15,0.74
Amaryllis,C,2026-08-16,0.72
Amaryllis,C,2026-08-17,0.73
Amaryllis,C,2026-08-18,0.74
Amaryllis,C,2026-08-19,0.76
Amaryllis,C,2026-08-20,0.73
Amaryllis,C,2026-08-21,0.76
Amaryllis,C,2026-08-22,0.76
Amaryllis,C,2026-08-23,0.76
Amaryllis,C,2026-08-24,0.76
Amaryllis,C,2026-08-25,0.78
Amaryllis,C,2026-08-26,0.79
Amaryllis,C,2026-08-27,0.8
Amaryllis,C,2026-08-28,0.81
Amaryllis,C,2026-08-29,0.81
Amaryllis,C,2026-08-30,0.83
Amaryllis,C,2026-08-31,0.83
Amaryllis,C,2026-09-01,0.84
Amaryllis,C,2026-09-02,0.81
Amaryllis,C,2026-09-03,0.83
Amaryllis,C,2026-09-04,0.84
Amaryllis,C,2026-09-05,0.83
Amaryllis,C,2026-09-06,0.84
Amaryllis,C,2026-09-07,0.81
Amaryllis,C,2026-09-08,0.84
King protea,A,2026-08-09,2.23
King protea,A,2026-08-10,2.21
King protea,A,2026-08-11,2.26
King protea,A,2026-08-12,2.34
King protea,A,2026-08-13,2.33
King protea,A,2026-08-14,2.24
King protea,A,2026-08-15,2.19
King protea,A,2026-08-16,2.2
King protea,A,2026-08-17,2.2
King protea,A,2026-08-18,2.21
King protea,A,2026-08-19,2.23
King protea,A,2026-08-20,2.22
King protea,A,2026-08-21,2.2
King protea,A,2026-08-22,2.25
King protea,A,2026-08-23,2.26
King protea,A,2026-08-24,2.26
King protea,A,2026-08-25,2.23
King protea,A,2026-08-26,2.15
King protea,A,2026-08-27,2.08
King protea,A,2026-08-28,2.07
King protea,A,2026-08-29,2.14
King protea,A,2026-08-30,2.08
King protea,A,2026-08-31,2.15
King protea,A,2026-09-01,2.09
King protea,A,2026-09-02,2.06
King protea,A,2026-09-03,2.05
King protea,A,2026-09-04,2.0
King protea,A,2026-09-05,2.0
King protea,A,2026-09-06,2.0
King protea,A,2026-09-07,1.99
King protea,A,2026-09-08,2.02
King protea,B,2026-08-09,1.63
King protea,B,2026-08-10,1.6
King protea,B,2026-08-11,1.64
King protea,B,2026-08-12,1.59
King protea,B,2026-08-13,1.63
King protea,B,2026-08-14,1.65
King protea,B,2026-08-15,1.68
King protea,B,2026-08-16,1.63
King protea,B,2026-08-17,1.69
King protea,B,2026-08-18,1.66
King protea,B,2026-08-19,1.62
King protea,B,2026-08-20,1.57
King protea,B,2026-08-21,1.58
King protea,B,2026-08-22,1.64
King protea,B,2026-08-23,1.6
King protea,B,2026-08-24,1.59
King protea,B,2026-08-25,1.55
King protea,B,2026-08-26,1.57
King protea,B,2026-08-27,1.56
King protea,B,2026-08-28,1.5
King protea,B,2026-08-29,1.51
King protea,B,2026-08-30,1.48
King protea,B,2026-08-31,1.49
King protea,B,2026-09-01,1.48
King protea,B,2026-09-02,1.5
King protea,B,2026-09-03,1.46
King protea,B,2026-09-04,1.49
King protea,B,2026-09-05,1.53
King protea,B,2026-09-06,1.48
King protea,B,2026-09-07,1.43
King protea,B,2026-09-08,1.47
King protea,C,2026-08-09,1.07
King protea,C,2026-08-10,1.06
King protea,C,2026-08-11,1.05
King protea,C,2026-08-12,1.03
King protea,C,2026-08-13,1.06
King protea,C,2026-08-14,1.07
King protea,C,2026-08-15,1.08
King protea,C,2026-08-16,1.09
King protea,C,2026-08-17,1.1
King protea,C,2026-08-18,1.1
King protea,C,2026-08-19,1.09
King protea,C,2026-08-20,1.12
King protea,C,2026-08-21,1.13
King protea,C,2026-08-22,1.16
King protea,C,2026-08-23,1.18
King protea,C,2026-08-24,1.16
King protea,C,2026-08-25,1.17
King protea,C,2026-08-26,1.13
King protea,C,2026-08-27,1.1
King protea,C,2026-08-28,1.06
King protea,C,2026-08-29,1.05
King protea,C,2026-08-30,1.02
King protea,C,2026-08-31,1.04
King protea,C,2026-09-01,1.04
King protea,C,2026-09-02,1.03
King protea,C,2026-09-03,1.0
King protea,C,2026-09-04,0.99
King protea,C,2026-09-05,0.97
King protea,C,2026-09-06,0.98
King protea,C,2026-09-07,0.99
King protea,C,2026-09-08,1.0
Calla lily,A,2026-08-09,1.14
Calla lily,A,2026-08-10,1.15
Calla lily,A,2026-08-11,1.15
Calla lily,A,2026-08-12,1.12
Calla lily,A,2026-08-13,1.1
Calla lily,A,2026-08-14,1.09
Calla lily,A,2026-08-15,1.06
Calla lily,A,2026-08-16,1.04
Calla lily,A,2026-08-17,1.0
Calla lily,A,2026-08-18,0.97
Calla lily,A,2026-08-19,1.0
Calla lily,A,2026-08-20,1.03
Calla lily,A,2026-08-21,1.04
Calla lily,A,2026-08-22,1.03
Calla lily,A,2026-08-23,1.05
Calla lily,A,2026-08-24,1.04
Calla lily,A,2026-08-25,1.07
Calla lily,A,2026-08-26,1.07
Calla lily,A,2026-08-27,1.03
Calla lily,A,2026-08-28,1.0
Calla lily,A,2026-08-29,1.02
Calla lily,A,2026-08-30,1.0
Calla lily,A,2026-08-31,0.98
Calla lily,A,2026-09-01,0.98
Calla lily,A,2026-09-02,0.96
Calla lily,A,2026-09-03,0.96
Calla lily,A,2026-09-04,0.97
Calla lily,A,2026-09-05,0.99
Calla lily,A,2026-09-06,1.0
Calla lily,A,2026-09-07,0.97
Calla lily,A,2026-09-08,0.94
Calla lily,B,2026-08-09,0.84
Calla lily,B,2026-08-10,0.86
Calla lily,B,2026-08-11,0.86
Calla lily,B,2026-08-12,0.88
Calla lily,B,2026-08-13,0.85
Calla lily,B,2026-08-14,0.86
Calla lily,B,2026-08-15,0.86
Calla lily,B,2026-08-16,0.9
Calla lily,B,2026-08-17,0.87
Calla lily,B,2026-08-18,0.89
Calla lily,B,2026-08-19,0.91
Calla lily,B,2026-08-20,0.9
Calla lily,B,2026-08-21,0.93
Calla lily,B,2026-08-22,0.93
Calla lily,B,2026-08-23,0.92
Calla lily,B,2026-08-24,0.94
Calla lily,B,2026-08-25,0.93
Calla lily,B,2026-08-26,0.97
Calla lily,B,2026-08-27,0.99
Calla lily,B,2026-08-28,0.97
Calla lily,B,2026-08-29,1.0
Calla lily,B,2026-08-30,1.0
Calla lily,B,2026-08-31,0.99
Calla lily,B,2026-09-01,1.01
Calla lily,B,2026-09-02,1.02
Calla lily,B,2026-09-03,0.99
Calla lily,B,2026-09-04,0.96
Calla lily,B,2026-09-05,0.94
Calla lily,B,2026-09-06,0.92
Calla lily,B,2026-09-07,0.89
Calla lily,B,2026-09-08,0.88
Calla lily,C,2026-08-09,0.54
Calla lily,C,2026-08-10,0.54
Calla lily,C,2026-08-11,0.53
Calla lily,C,2026-08-12,0.54
Calla lily,C,2026-08-13,0.53
Calla lily,C,2026-08-14,0.52
Calla lily,C,2026-08-15,0.54
Calla lily,C,2026-08-16,0.56
Calla lily,C,2026-08-17,0.57
Calla lily,C,2026-08-18,0.55
Calla lily,C,2026-08-19,0.57
Calla lily,C,2026-08-20,0.58
Calla lily,C,2026-08-21,0.6
Calla lily,C,2026-08-22,0.63
Calla lily,C,2026-08-23,0.64
Calla lily,C,2026-08-24,0.63
Calla lily,C,2026-08-25,0.64
Calla lily,C,2026-08-26,0.63
Calla lily,C,2026-08-27,0.64
Calla lily,C,2026-08-28,0.66
Calla lily,C,2026-08-29,0.67
Calla lily,C,2026-08-30,0.68
Calla lily,C,2026-08-31,0.68
Calla lily,C,2026-09-01,0.69
Calla lily,C,2026-09-02,0.67
Calla lily,C,2026-09-03,0.67
Calla lily,C,2026-09-04,0.67
Calla lily,C,2026-09-05,0.67
Calla lily,C,2026-09-06,0.69
Calla lily,C,2026-09-07,0.67
Calla lily,C,2026-09-08,0.67
Sweet pea,A,2026-08-09,0.39
Sweet pea,A,2026-08-10,0.41
Sweet pea,A,2026-08-11,0.4
Sweet pea,A,2026-08-12,0.42
Sweet pea,A,2026-08-13,0.41
Sweet pea,A,2026-08-14,0.39
Sweet pea,A,2026-08-15,0.4
Sweet pea,A,2026-08-16,0.41
Sweet pea,A,2026-08-17,0.42
Sweet pea,A,2026-08-18,0.42
Sweet pea,A,2026-08-19,0.42
Sweet pea,A,2026-08-20,0.42
Sweet pea,A,2026-08-21,0.4
Sweet pea,A,2026-08-22,0.4
Sweet pea,A,2026-08-23,0.4
Sweet pea,A,2026-08-24,0.39
Sweet pea,A,2026-08-25,0.38
Sweet pea,A,2026-08-26,0.38
Sweet pea,A,2026-08-27,0.39
Sweet pea,A,2026-08-28,0.38
Sweet pea,A,2026-08-29,0.38
Sweet pea,A,2026-08-30,0.39
Sweet pea,A,2026-08-31,0.39
Sweet pea,A,2026-09-01,0.38
Sweet pea,A,2026-09-02,0.39
Sweet pea,A,2026-09-03,0.37
Sweet pea,A,2026-09-04,0.36
Sweet pea,A,2026-09-05,0.37
Sweet pea,A,2026-09-06,0.37
Sweet pea,A,2026-09-07,0.36
Sweet pea,A,2026-09-08,0.37
Sweet pea,B,2026-08-09,0.3
Sweet pea,B,2026-08-10,0.29
Sweet pea,B,2026-08-11,0.3
Sweet pea,B,2026-08-12,0.29
Sweet pea,B,2026-08-13,0.29
Sweet pea,B,2026-08-14,0.29
Sweet pea,B,2026-08-15,0.29
Sweet pea,B,2026-08-16,0.28
Sweet pea,B,2026-08-17,0.29
Sweet pea,B,2026-08-18,0.29
Sweet pea,B,2026-08-19,0.29
Sweet pea,B,2026-08-20,0.28
Sweet pea,B,2026-08-21,0.28
Sweet pea,B,2026-08-22,0.29
Sweet pea,B,2026-08-23,0.28
Sweet pea,B,2026-08-24,0.28
Sweet pea,B,2026-08-25,0.28
Sweet pea,B,2026-08-26,0.28
Sweet pea,B,2026-08-27,0.27
Sweet pea,B,2026-08-28,0.28
Sweet pea,B,2026-08-29,0.28
Sweet pea,B,2026-08-30,0.27
Sweet pea,B,2026-08-31,0.27
Sweet pea,B,2026-09-01,0.26
Sweet pea,B,2026-09-02,0.26
Sweet pea,B,2026-09-03,0.26
Sweet pea,B,2026-09-04,0.25
Sweet pea,B,2026-09-05,0.25
Sweet pea,B,2026-09-06,0.26
Sweet pea,B,2026-09-07,0.27
Sweet pea,B,2026-09-08,0.27
Sweet pea,C,2026-08-09,0.19
Sweet pea,C,2026-08-10,0.19
Sweet pea,C,2026-08-11,0.19
Sweet pea,C,2026-08-12,0.19
Sweet pea,C,2026-08-13,0.18
Sweet pea,C,2026-08-14,0.18
Sweet pea,C,2026-08-15,0.19
Sweet pea,C,2026-08-16,0.18
Sweet pea,C,2026-08-17,0.18
Sweet pea,C,2026-08-18,0.19
Sweet pea,C,2026-08-19,0.18
Sweet pea,C,2026-08-20,0.19
Sweet pea,C,2026-08-21,0.18
Sweet pea,C,2026-08-22,0.18
Sweet pea,C,2026-08-23,0.18
Sweet pea,C,2026-08-24,0.18
Sweet pea,C,2026-08-25,0.18
Sweet pea,C,2026-08-26,0.18
Sweet pea,C,2026-08-27,0.18
Sweet pea,C,2026-08-28,0.18
Sweet pea,C,2026-08-29,0.18
Sweet pea,C,2026-08-30,0.18
Sweet pea,C,2026-08-31,0.19
Sweet pea,C,2026-09-01,0.18
Sweet pea,C,2026-09-02,0.17
Sweet pea,C,2026-09-03,0.18
Sweet pea,C,2026-09-04,0.18
Sweet pea,C,2026-09-05,0.18
Sweet pea,C,2026-09-06,0.18
Sweet pea,C,2026-09-07,0.18
Sweet pea,C,2026-09-08,0.18
Statice,A,2026-08-09,0.25
Statice,A,2026-08-10,0.24
Statice,A,2026-08-11,0.24
Statice,A,2026-08-12,0.24
Statice,A,2026-08-13,0.24
Statice,A,2026-08-14,0.25
Statice,A,2026-08-15,0.25
Statice,A,2026-08-16,0.26
Statice,A,2026-08-17,0.26
Statice,A,2026-08-18,0.26
Statice,A,2026-08-19,0.26
Statice,A,2026-08-20,0.26
Statice,A,2026-08-21,0.26
Statice,A,2026-08-22,0.26
Statice,A,2026-08-23,0.25
Statice,A,2026-08-24,0.26
Statice,A,2026-08-25,0.27
Statice,A,2026-08-26,0.27
Statice,A,2026-08-27,0.26
Statice,A,2026-08-28,0.26
Statice,A,2026-08-29,0.26
Statice,A,2026-08-30,0.26
Statice,A,2026-08-31,0.27
Statice,A,2026-09-01,0.28
Statice,A,2026-09-02,0.29
Statice,A,2026-09-03,0.28
Statice,A,2026-09-04,0.29
Statice,A,2026-09-05,0.29
Statice,A,2026-09-06,0.29
Statice,A,2026-09-07,0.29
Statice,A,2026-09-08,0.3
Statice,B,2026-08-09,0.19
Statice,B,2026-08-10,0.2
Statice,B,2026-08-11,0.19
Statice,B,2026-08-12,0.18
Statice,B,2026-08-13,0.18
Statice,B,2026-08-14,0.17
Statice,B,2026-08-15,0.17
Statice,B,2026-08-16,0.17
Statice,B,2026-08-17,0.17
Statice,B,2026-08-18,0.17
Statice,B,2026-08-19,0.17
Statice,B,2026-08-20,0.17
Statice,B,2026-08-21,0.18
Statice,B,2026-08-22,0.17
Statice,B,2026-08-23,0.17
Statice,B,2026-08-24,0.17
Statice,B,2026-08-25,0.17
Statice,B,2026-08-26,0.17
Statice,B,2026-08-27,0.17
Statice,B,2026-08-28,0.16
Statice,B,2026-08-29,0.17
Statice,B,2026-08-30,0.17
Statice,B,2026-08-31,0.17
Statice,B,2026-09-01,0.17
Statice,B,2026-09-02,0.17
Statice,B,2026-09-03,0.17
Statice,B,2026-09-04,0.17
Statice,B,2026-09-05,0.17
Statice,B,2026-09-06,0.17
Statice,B,2026-09-07,0.18
Statice,B,2026-09-08,0.17
Statice,C,2026-08-09,0.12
Statice,C,2026-08-10,0.12
Statice,C,2026-08-11,0.12
Statice,C,2026-08-12,0.12
Statice,C,2026-08-13,0.12
Statice,C,2026-08-14,0.12
Statice,C,2026-08-15,0.12
Statice,C,2026-08-16,0.12
Statice,C,2026-08-17,0.12
Statice,C,2026-08-18,0.12
Statice,C,2026-08-19,0.12
Statice,C,2026-08-20,0.12
Statice,C,2026-08-21,0.13
Statice,C,2026-08-22,0.13
Statice,C,2026-08-23,0.13
Statice,C,2026-08-24,0.13
Statice,C,2026-08-25,0.12
Statice,C,2026-08-26,0.13
Statice,C,2026-08-27,0.12
Statice,C,2026-08-28,0.13
Statice,C,2026-08-29,0.13
Statice,C,2026-08-30,0.13
Statice,C,2026-08-31,0.13
Statice,C,2026-09-01,0.13
Statice,C,2026-09-02,0.12
Statice,C,2026-09-03,0.12
Statice,C,2026-09-04,0.12
Statice,C,2026-09-05,0.12
Statice,C,2026-09-06,0.12
Statice,C,2026-09-07,0.12
Statice,C,2026-09-08,0.12
Bird of paradise,A,2026-08-09,2.51
Bird of paradise,A,2026-08-10,2.49
Bird of paradise,A,2026-08-11,2.44
Bird of paradise,A,2026-08-12,2.36
Bird of paradise,A,2026-08-13,2.37
Bird of paradise,A,2026-08-14,2.42
Bird of paradise,A,2026-08-15,2.36
Bird of paradise,A,2026-08-16,2.37
Bird of paradise,A,2026-08-17,2.28
Bird of paradise,A,2026-08-18,2.35
Bird of paradise,A,2026-08-19,2.3
Bird of paradise,A,2026-08-20,2.29
Bird of paradise,A,2026-08-21,2.27
Bird of paradise,A,2026-08-22,2.21
Bird of paradise,A,2026-08-23,2.28
Bird of paradise,A,2026-08-24,2.35
Bird of paradise,A,2026-08-25,2.36
Bird of paradise,A,2026-08-26,2.44
Bird of paradise,A,2026-08-27,2.48
Bird of paradise,A,2026-08-28,2.47
Bird of paradise,A,2026-08-29,2.43
Bird of paradise,A,2026-08-30,2.42
Bird of paradise,A,2026-08-31,2.46
Bird of paradise,A,2026-09-01,2.41
Bird of paradise,A,2026-09-02,2.33
Bird of paradise,A,2026-09-03,2.31
Bird of paradise,A,2026-09-04,2.31
Bird of paradise,A,2026-09-05,2.38
Bird of paradise,A,2026-09-06,2.32
Bird of paradise,A,2026-09-07,2.38
Bird of paradise,A,2026-09-08,2.47
Bird of paradise,B,2026-08-09,1.94
Bird of paradise,B,2026-08-10,1.88
Bird of paradise,B,2026-08-11,1.87
Bird of paradise,B,2026-08-12,1.84
Bird of paradise,B,2026-08-13,1.89
Bird of paradise,B,2026-08-14,1.86
Bird of paradise,B,2026-08-15,1.87
Bird of paradise,B,2026-08-16,1.8
Bird of paradise,B,2026-08-17,1.75
Bird of paradise,B,2026-08-18,1.76
Bird of paradise,B,2026-08-19,1.74
Bird of paradise,B,2026-08-20,1.75
Bird of paradise,B,2026-08-21,1.75
Bird of paradise,B,2026-08-22,1.76
Bird of paradise,B,2026-08-23,1.76
Bird of paradise,B,2026-08-24,1.8
Bird of paradise,B,2026-08-25,1.75
Bird of paradise,B,2026-08-26,1.81
Bird of paradise,B,2026-08-27,1.85
Bird of paradise,B,2026-08-28,1.81
Bird of paradise,B,2026-08-29,1.74
Bird of paradise,B,2026-08-30,1.73
Bird of paradise,B,2026-08-31,1.69
Bird of paradise,B,2026-09-01,1.67
Bird of paradise,B,2026-09-02,1.71
Bird of paradise,B,2026-09-03,1.77
Bird of paradise,B,2026-09-04,1.83
Bird of paradise,B,2026-09-05,1.76
Bird of paradise,B,2026-09-06,1.78
Bird of paradise,B,2026-09-07,1.83
Bird of paradise,B,2026-09-08,1.86
Bird of paradise,C,2026-08-09,1.21
Bird of paradise,C,2026-08-10,1.21
Bird of paradise,C,2026-08-11,1.19
Bird of paradise,C,2026-08-12,1.19
Bird of paradise,C,2026-08-13,1.15
Bird of paradise,C,2026-08-14,1.19
Bird of paradise,C,2026-08-15,1.21
Bird of paradise,C,2026-08-16,1.17
Bird of paradise,C,2026-08-17,1.21
Bird of paradise,C,2026-08-18,1.25
Bird of paradise,C,2026-08-19,1.25
Bird of paradise,C,2026-08-20,1.27
Bird of paradise,C,2026-08-21,1.26
Bird of paradise,C,2026-08-22,1.31
Bird of paradise,C,2026-08-23,1.26
Bird of paradise,C,2026-08-24,1.22
Bird of paradise,C,2026-08-25,1.19
Bird of paradise,C,2026-08-26,1.22
Bird of paradise,C,2026-08-27,1.18
Bird of paradise,C,2026-08-28,1.18
Bird of paradise,C,2026-08-29,1.18
Bird of paradise,C,2026-08-30,1.22
Bird of paradise,C,2026-08-31,1.19
Bird of paradise,C,2026-09-01,1.17
Bird of paradise,C,2026-09-02,1.15
Bird of paradise,C,2026-09-03,1.18
Bird of paradise,C,2026-09-04,1.2
Bird of paradise,C,2026-09-05,1.22
Bird of paradise,C,2026-09-06,1.2
Bird of paradise,C,2026-09-07,1.18
Bird of paradise,C,2026-09-08,1.14
